[debug] [2026-05-14T16:07:18.765Z] ----------------------------------------------------------------------
[debug] [2026-05-14T16:07:18.768Z] Command:       C:\Program Files\nodejs\node.exe C:\Users\Secretaria_4\AppData\Roaming\npm\node_modules\firebase-tools\lib\bin\firebase.js deploy --only functions
[debug] [2026-05-14T16:07:18.768Z] CLI Version:   15.15.0
[debug] [2026-05-14T16:07:18.768Z] Platform:      win32
[debug] [2026-05-14T16:07:18.768Z] Node Version:  v24.14.1
[debug] [2026-05-14T16:07:18.768Z] Time:          Thu May 14 2026 13:07:18 GMT-0300 (Horário Padrão de Brasília)
[debug] [2026-05-14T16:07:18.769Z] ----------------------------------------------------------------------
[debug] 
[debug] [2026-05-14T16:07:19.873Z] > command requires scopes: ["email","openid","https://www.googleapis.com/auth/cloudplatformprojects.readonly","https://www.googleapis.com/auth/firebase","https://www.googleapis.com/auth/cloud-platform"]
[debug] [2026-05-14T16:07:19.873Z] > authorizing via signed-in user (edclecyo12@gmail.com)
[debug] [2026-05-14T16:07:19.873Z] [iam] checking project agenda-beleza-75106 for permissions ["cloudfunctions.functions.create","cloudfunctions.functions.delete","cloudfunctions.functions.get","cloudfunctions.functions.list","cloudfunctions.functions.update","cloudfunctions.operations.get","firebase.projects.get"]
[debug] [2026-05-14T16:07:19.875Z] Checked if tokens are valid: true, expires at: 1778778323079
[debug] [2026-05-14T16:07:19.875Z] Checked if tokens are valid: true, expires at: 1778778323079
[debug] [2026-05-14T16:07:19.875Z] >>> [apiv2][query] POST https://cloudresourcemanager.googleapis.com/v1/projects/agenda-beleza-75106:testIamPermissions [none]
[debug] [2026-05-14T16:07:19.876Z] >>> [apiv2][(partial)header] POST https://cloudresourcemanager.googleapis.com/v1/projects/agenda-beleza-75106:testIamPermissions  x-goog-user-project=agenda-beleza-75106
[debug] [2026-05-14T16:07:19.876Z] >>> [apiv2][body] POST https://cloudresourcemanager.googleapis.com/v1/projects/agenda-beleza-75106:testIamPermissions {"permissions":["cloudfunctions.functions.create","cloudfunctions.functions.delete","cloudfunctions.functions.get","cloudfunctions.functions.list","cloudfunctions.functions.update","cloudfunctions.operations.get","firebase.projects.get"]}
[debug] [2026-05-14T16:07:20.845Z] <<< [apiv2][status] POST https://cloudresourcemanager.googleapis.com/v1/projects/agenda-beleza-75106:testIamPermissions 200
[debug] [2026-05-14T16:07:20.845Z] <<< [apiv2][body] POST https://cloudresourcemanager.googleapis.com/v1/projects/agenda-beleza-75106:testIamPermissions {"permissions":["cloudfunctions.functions.create","cloudfunctions.functions.delete","cloudfunctions.functions.get","cloudfunctions.functions.list","cloudfunctions.functions.update","cloudfunctions.operations.get","firebase.projects.get"]}
[debug] [2026-05-14T16:07:20.846Z] Checked if tokens are valid: true, expires at: 1778778323079
[debug] [2026-05-14T16:07:20.846Z] Checked if tokens are valid: true, expires at: 1778778323079
[debug] [2026-05-14T16:07:20.846Z] >>> [apiv2][query] POST https://iam.googleapis.com/v1/projects/agenda-beleza-75106/serviceAccounts/agenda-beleza-75106@appspot.gserviceaccount.com:testIamPermissions [none]
[debug] [2026-05-14T16:07:20.846Z] >>> [apiv2][body] POST https://iam.googleapis.com/v1/projects/agenda-beleza-75106/serviceAccounts/agenda-beleza-75106@appspot.gserviceaccount.com:testIamPermissions {"permissions":["iam.serviceAccounts.actAs"]}
[debug] [2026-05-14T16:07:21.789Z] <<< [apiv2][status] POST https://iam.googleapis.com/v1/projects/agenda-beleza-75106/serviceAccounts/agenda-beleza-75106@appspot.gserviceaccount.com:testIamPermissions 200
[debug] [2026-05-14T16:07:21.790Z] <<< [apiv2][body] POST https://iam.googleapis.com/v1/projects/agenda-beleza-75106/serviceAccounts/agenda-beleza-75106@appspot.gserviceaccount.com:testIamPermissions {"permissions":["iam.serviceAccounts.actAs"]}
[info] 
[info] === Deploying to 'agenda-beleza-75106'...
[info] 
[info] i  deploying functions 
[info] Running command: npm --prefix "$RESOURCE_DIR" run lint
[info] Running command: npm --prefix "$RESOURCE_DIR" run build
[info] +  functions: Finished running predeploy script. 
[debug] [2026-05-14T16:07:25.832Z] Checked if tokens are valid: true, expires at: 1778778323079
[debug] [2026-05-14T16:07:25.832Z] Checked if tokens are valid: true, expires at: 1778778323079
[debug] [2026-05-14T16:07:25.832Z] >>> [apiv2][query] GET https://cloudresourcemanager.googleapis.com/v1/projects/agenda-beleza-75106 [none]
[debug] [2026-05-14T16:07:26.670Z] <<< [apiv2][status] GET https://cloudresourcemanager.googleapis.com/v1/projects/agenda-beleza-75106 200
[debug] [2026-05-14T16:07:26.670Z] <<< [apiv2][body] GET https://cloudresourcemanager.googleapis.com/v1/projects/agenda-beleza-75106 {"projectNumber":"1043439367326","projectId":"agenda-beleza-75106","lifecycleState":"ACTIVE","name":"estetica-app","labels":{"firebase":"enabled","firebase-core":"disabled"},"createTime":"2025-12-15T19:43:35.130434Z"}
[info] i  functions: preparing codebase default for deployment 
[info] i  functions: ensuring required API cloudfunctions.googleapis.com is enabled... 
[info] i  functions: ensuring required API cloudbuild.googleapis.com is enabled... 
[info] i  artifactregistry: ensuring required API artifactregistry.googleapis.com is enabled... 
[debug] [2026-05-14T16:07:26.673Z] Checked if tokens are valid: true, expires at: 1778778323079
[debug] [2026-05-14T16:07:26.673Z] Checked if tokens are valid: true, expires at: 1778778323079
[debug] [2026-05-14T16:07:26.673Z] >>> [apiv2][query] GET https://firebase.googleapis.com/v1beta1/projects/agenda-beleza-75106/adminSdkConfig [none]
[debug] [2026-05-14T16:07:27.436Z] <<< [apiv2][status] GET https://firebase.googleapis.com/v1beta1/projects/agenda-beleza-75106/adminSdkConfig 200
[debug] [2026-05-14T16:07:27.436Z] <<< [apiv2][body] GET https://firebase.googleapis.com/v1beta1/projects/agenda-beleza-75106/adminSdkConfig {"projectId":"agenda-beleza-75106","storageBucket":"agenda-beleza-75106.firebasestorage.app"}
[debug] [2026-05-14T16:07:27.438Z] Validating nodejs source
[warn] !  functions: package.json indicates an outdated version of firebase-functions. Please upgrade using npm install --save firebase-functions@latest in your functions directory. 
[warn] !  functions: Please note that there will be breaking changes when you upgrade. 
[debug] [2026-05-14T16:07:28.325Z] > [functions] package.json contents: {
  "name": "functions",
  "scripts": {
    "lint": "eslint --ext .js,.ts .",
    "build": "tsc",
    "build:watch": "tsc --watch",
    "serve": "npm run build && firebase emulators:start --only functions",
    "shell": "npm run build && firebase functions:shell",
    "start": "npm run shell",
    "deploy": "firebase deploy --only functions",
    "logs": "firebase functions:log"
  },
  "engines": {
    "node": "22"
  },
  "main": "lib/index.js",
  "dependencies": {
    "axios": "^1.13.6",
    "firebase-admin": "^13.1.0",
    "firebase-functions": "^6.3.0"
  },
  "devDependencies": {
    "@types/axios": "^0.9.36",
    "@typescript-eslint/eslint-plugin": "^5.12.0",
    "@typescript-eslint/parser": "^5.12.0",
    "eslint": "^8.9.0",
    "eslint-config-google": "^0.14.0",
    "eslint-plugin-import": "^2.25.4",
    "firebase-functions-test": "^3.4.1",
    "typescript": "^5.1.6"
  },
  "private": true
}
[debug] [2026-05-14T16:07:28.326Z] Building nodejs source
[info] i  functions: Loading and analyzing source code for codebase default to determine what to deploy 
[debug] [2026-05-14T16:07:28.327Z] Could not find functions.yaml. Must use http discovery
[debug] [2026-05-14T16:07:28.336Z] Found firebase-functions binary at 'C:\Users\Secretaria_4\Desktop\EsteticaApp\functions\node_modules\.bin\firebase-functions'
[info] Serving at port 8208

[debug] [2026-05-14T16:07:28.938Z] Got response from /__/functions.yaml {"endpoints":{"criarUsuario":{"availableMemoryMb":null,"timeoutSeconds":null,"minInstances":null,"maxInstances":null,"ingressSettings":null,"concurrency":null,"serviceAccountEmail":null,"vpc":null,"platform":"gcfv2","region":["southamerica-east1"],"labels":{},"callableTrigger":{},"entryPoint":"criarUsuario"},"verificarUsuario":{"availableMemoryMb":null,"timeoutSeconds":null,"minInstances":null,"maxInstances":null,"ingressSettings":null,"concurrency":null,"serviceAccountEmail":null,"vpc":null,"platform":"gcfv2","region":["southamerica-east1"],"labels":{},"callableTrigger":{},"entryPoint":"verificarUsuario"},"desativarUsuario":{"availableMemoryMb":null,"timeoutSeconds":null,"minInstances":null,"maxInstances":null,"ingressSettings":null,"concurrency":null,"serviceAccountEmail":null,"vpc":null,"platform":"gcfv2","region":["southamerica-east1"],"labels":{},"callableTrigger":{},"entryPoint":"desativarUsuario"},"criarAgendamento":{"availableMemoryMb":null,"timeoutSeconds":null,"minInstances":null,"maxInstances":50,"ingressSettings":null,"concurrency":null,"serviceAccountEmail":null,"vpc":null,"platform":"gcfv2","region":["southamerica-east1"],"labels":{},"callableTrigger":{},"entryPoint":"criarAgendamento"},"iniciarTrial":{"availableMemoryMb":null,"timeoutSeconds":null,"minInstances":null,"maxInstances":null,"ingressSettings":null,"concurrency":null,"serviceAccountEmail":null,"vpc":null,"platform":"gcfv2","region":["southamerica-east1"],"labels":{},"callableTrigger":{},"entryPoint":"iniciarTrial"},"salvarEstabelecimento":{"availableMemoryMb":null,"timeoutSeconds":null,"minInstances":null,"maxInstances":null,"ingressSettings":null,"concurrency":null,"serviceAccountEmail":null,"vpc":null,"platform":"gcfv2","region":["southamerica-east1"],"labels":{},"callableTrigger":{},"entryPoint":"salvarEstabelecimento"},"concluirAgendamento":{"availableMemoryMb":null,"timeoutSeconds":null,"minInstances":null,"maxInstances":null,"ingressSettings":null,"concurrency":null,"serviceAccountEmail":null,"vpc":null,"platform":"gcfv2","region":["southamerica-east1"],"labels":{},"callableTrigger":{},"entryPoint":"concluirAgendamento"},"cancelarAgendamento":{"availableMemoryMb":null,"timeoutSeconds":null,"minInstances":null,"maxInstances":null,"ingressSettings":null,"concurrency":null,"serviceAccountEmail":null,"vpc":null,"platform":"gcfv2","region":["southamerica-east1"],"labels":{},"callableTrigger":{},"entryPoint":"cancelarAgendamento"},"criarPagamentoCliente":{"availableMemoryMb":null,"timeoutSeconds":null,"minInstances":null,"maxInstances":null,"ingressSettings":null,"concurrency":null,"serviceAccountEmail":null,"vpc":null,"platform":"gcfv2","region":["southamerica-east1"],"labels":{},"callableTrigger":{},"entryPoint":"criarPagamentoCliente"},"criarPagamentoPixAssinatura":{"availableMemoryMb":null,"timeoutSeconds":null,"minInstances":null,"maxInstances":null,"ingressSettings":null,"concurrency":null,"serviceAccountEmail":null,"vpc":null,"platform":"gcfv2","region":["southamerica-east1"],"secretEnvironmentVariables":[{"key":"MP_ACCESS_TOKEN"}],"labels":{},"callableTrigger":{},"entryPoint":"criarPagamentoPixAssinatura"},"criarAssinaturaCartao":{"availableMemoryMb":null,"timeoutSeconds":null,"minInstances":null,"maxInstances":null,"ingressSettings":null,"concurrency":null,"serviceAccountEmail":null,"vpc":null,"platform":"gcfv2","region":["southamerica-east1"],"secretEnvironmentVariables":[{"key":"MP_ACCESS_TOKEN"}],"labels":{},"callableTrigger":{},"entryPoint":"criarAssinaturaCartao"},"salvarDadosConta":{"availableMemoryMb":null,"timeoutSeconds":null,"minInstances":null,"maxInstances":null,"ingressSettings":null,"concurrency":null,"serviceAccountEmail":null,"vpc":null,"platform":"gcfv2","region":["southamerica-east1"],"labels":{},"callableTrigger":{},"entryPoint":"salvarDadosConta"},"solicitarSelo":{"availableMemoryMb":null,"timeoutSeconds":null,"minInstances":null,"maxInstances":null,"ingressSettings":null,"concurrency":null,"serviceAccountEmail":null,"vpc":null,"platform":"gcfv2","region":["southamerica-east1"],"labels":{},"callableTrigger":{},"entryPoint":"solicitarSelo"},"avaliarAgendamento":{"availableMemoryMb":null,"timeoutSeconds":null,"minInstances":null,"maxInstances":null,"ingressSettings":null,"concurrency":null,"serviceAccountEmail":null,"vpc":null,"platform":"gcfv2","region":["southamerica-east1"],"labels":{},"callableTrigger":{},"entryPoint":"avaliarAgendamento"},"validarPostagemStory":{"availableMemoryMb":null,"timeoutSeconds":null,"minInstances":null,"maxInstances":null,"ingressSettings":null,"concurrency":null,"serviceAccountEmail":null,"vpc":null,"platform":"gcfv2","region":["southamerica-east1"],"labels":{},"callableTrigger":{},"entryPoint":"validarPostagemStory"},"aoCriarNotificacao":{"availableMemoryMb":null,"timeoutSeconds":null,"minInstances":null,"maxInstances":20,"ingressSettings":null,"concurrency":null,"serviceAccountEmail":null,"vpc":null,"platform":"gcfv2","region":["southamerica-east1"],"labels":{},"eventTrigger":{"eventType":"google.cloud.firestore.document.v1.created","eventFilters":{"database":"(default)","namespace":"(default)"},"eventFilterPathPatterns":{"document":"notificacoes/{docId}"},"retry":false},"entryPoint":"aoCriarNotificacao"},"onAgendamentoUpdate":{"availableMemoryMb":null,"timeoutSeconds":null,"minInstances":null,"maxInstances":null,"ingressSettings":null,"concurrency":null,"serviceAccountEmail":null,"vpc":null,"platform":"gcfv2","region":["southamerica-east1"],"labels":{},"eventTrigger":{"eventType":"google.cloud.firestore.document.v1.updated","eventFilters":{"database":"(default)","namespace":"(default)"},"eventFilterPathPatterns":{"document":"agendamentos/{docId}"},"retry":false},"entryPoint":"onAgendamentoUpdate"},"lembreteAgendamento":{"availableMemoryMb":256,"timeoutSeconds":120,"minInstances":null,"maxInstances":null,"ingressSettings":null,"concurrency":null,"serviceAccountEmail":null,"vpc":null,"platform":"gcfv2","region":["southamerica-east1"],"labels":{},"scheduleTrigger":{"schedule":"every 30 minutes","retryConfig":{}},"entryPoint":"lembreteAgendamento"},"expirarAgendamentos":{"availableMemoryMb":256,"timeoutSeconds":120,"minInstances":null,"maxInstances":null,"ingressSettings":null,"concurrency":null,"serviceAccountEmail":null,"vpc":null,"platform":"gcfv2","region":["southamerica-east1"],"labels":{},"scheduleTrigger":{"schedule":"every 5 minutes","retryConfig":{}},"entryPoint":"expirarAgendamentos"},"limparStories":{"availableMemoryMb":256,"timeoutSeconds":120,"minInstances":null,"maxInstances":null,"ingressSettings":null,"concurrency":null,"serviceAccountEmail":null,"vpc":null,"platform":"gcfv2","region":["southamerica-east1"],"labels":{},"scheduleTrigger":{"schedule":"every 3 hours","retryConfig":{"retryCount":2}},"entryPoint":"limparStories"},"webhookMercadoPago":{"availableMemoryMb":null,"timeoutSeconds":null,"minInstances":null,"maxInstances":null,"ingressSettings":null,"concurrency":null,"serviceAccountEmail":null,"vpc":null,"platform":"gcfv2","region":["southamerica-east1"],"secretEnvironmentVariables":[{"key":"MP_WEBHOOK_SECRET"},{"key":"MP_ACCESS_TOKEN"}],"labels":{},"httpsTrigger":{},"entryPoint":"webhookMercadoPago"}},"specVersion":"v1alpha1","requiredAPIs":[{"api":"cloudscheduler.googleapis.com","reason":"Needed for scheduled functions."}],"extensions":{},"params":[{"type":"secret","name":"MP_WEBHOOK_SECRET"},{"type":"secret","name":"MP_ACCESS_TOKEN"}]}
[info] i  extensions: ensuring required API firebaseextensions.googleapis.com is enabled... 
[debug] [2026-05-14T16:07:32.991Z] > command requires scopes: ["email","openid","https://www.googleapis.com/auth/cloudplatformprojects.readonly","https://www.googleapis.com/auth/firebase","https://www.googleapis.com/auth/cloud-platform"]
[debug] [2026-05-14T16:07:32.991Z] > authorizing via signed-in user (edclecyo12@gmail.com)
[debug] [2026-05-14T16:07:32.991Z] [iam] checking project agenda-beleza-75106 for permissions ["firebase.projects.get","firebaseextensions.instances.list"]
[debug] [2026-05-14T16:07:32.992Z] Checked if tokens are valid: true, expires at: 1778778323079
[debug] [2026-05-14T16:07:32.992Z] Checked if tokens are valid: true, expires at: 1778778323079
[debug] [2026-05-14T16:07:32.992Z] >>> [apiv2][query] POST https://cloudresourcemanager.googleapis.com/v1/projects/agenda-beleza-75106:testIamPermissions [none]
[debug] [2026-05-14T16:07:32.992Z] >>> [apiv2][(partial)header] POST https://cloudresourcemanager.googleapis.com/v1/projects/agenda-beleza-75106:testIamPermissions  x-goog-user-project=agenda-beleza-75106
[debug] [2026-05-14T16:07:32.992Z] >>> [apiv2][body] POST https://cloudresourcemanager.googleapis.com/v1/projects/agenda-beleza-75106:testIamPermissions {"permissions":["firebase.projects.get","firebaseextensions.instances.list"]}
[debug] [2026-05-14T16:07:33.931Z] <<< [apiv2][status] POST https://cloudresourcemanager.googleapis.com/v1/projects/agenda-beleza-75106:testIamPermissions 200
[debug] [2026-05-14T16:07:33.931Z] <<< [apiv2][body] POST https://cloudresourcemanager.googleapis.com/v1/projects/agenda-beleza-75106:testIamPermissions {"permissions":["firebase.projects.get","firebaseextensions.instances.list"]}
[debug] [2026-05-14T16:07:33.931Z] Checked if tokens are valid: true, expires at: 1778778323079
[debug] [2026-05-14T16:07:33.931Z] Checked if tokens are valid: true, expires at: 1778778323079
[debug] [2026-05-14T16:07:33.931Z] >>> [apiv2][query] GET https://firebaseextensions.googleapis.com/v1beta/projects/agenda-beleza-75106/instances pageSize=100&pageToken=
[debug] [2026-05-14T16:07:35.066Z] <<< [apiv2][status] GET https://firebaseextensions.googleapis.com/v1beta/projects/agenda-beleza-75106/instances 200
[debug] [2026-05-14T16:07:35.066Z] <<< [apiv2][body] GET https://firebaseextensions.googleapis.com/v1beta/projects/agenda-beleza-75106/instances {}
[debug] [2026-05-14T16:07:35.069Z] Checked if tokens are valid: true, expires at: 1778778323079
[debug] [2026-05-14T16:07:35.069Z] Checked if tokens are valid: true, expires at: 1778778323079
[debug] [2026-05-14T16:07:35.070Z] >>> [apiv2][query] GET https://secretmanager.googleapis.com/v1/projects/agenda-beleza-75106/secrets/MP_WEBHOOK_SECRET [none]
[debug] [2026-05-14T16:07:35.549Z] <<< [apiv2][status] GET https://secretmanager.googleapis.com/v1/projects/agenda-beleza-75106/secrets/MP_WEBHOOK_SECRET 200
[debug] [2026-05-14T16:07:35.549Z] <<< [apiv2][body] GET https://secretmanager.googleapis.com/v1/projects/agenda-beleza-75106/secrets/MP_WEBHOOK_SECRET {"name":"projects/1043439367326/secrets/MP_WEBHOOK_SECRET","replication":{"automatic":{}},"createTime":"2026-03-25T22:42:51.977063Z","labels":{"firebase-managed":"functions"},"etag":"\"164de0fd061eb1\""}
[debug] [2026-05-14T16:07:35.550Z] Checked if tokens are valid: true, expires at: 1778778323079
[debug] [2026-05-14T16:07:35.550Z] Checked if tokens are valid: true, expires at: 1778778323079
[debug] [2026-05-14T16:07:35.550Z] >>> [apiv2][query] GET https://secretmanager.googleapis.com/v1/projects/agenda-beleza-75106/secrets/MP_WEBHOOK_SECRET/versions/latest [none]
[debug] [2026-05-14T16:07:35.866Z] <<< [apiv2][status] GET https://secretmanager.googleapis.com/v1/projects/agenda-beleza-75106/secrets/MP_WEBHOOK_SECRET/versions/latest 200
[debug] [2026-05-14T16:07:35.866Z] <<< [apiv2][body] GET https://secretmanager.googleapis.com/v1/projects/agenda-beleza-75106/secrets/MP_WEBHOOK_SECRET/versions/latest {"name":"projects/1043439367326/secrets/MP_WEBHOOK_SECRET/versions/3","createTime":"2026-04-23T19:53:27.462376Z","state":"ENABLED","replicationStatus":{"automatic":{}},"etag":"\"165026007d69e8\""}
[debug] [2026-05-14T16:07:35.866Z] Checked if tokens are valid: true, expires at: 1778778323079
[debug] [2026-05-14T16:07:35.866Z] Checked if tokens are valid: true, expires at: 1778778323079
[debug] [2026-05-14T16:07:35.866Z] >>> [apiv2][query] GET https://secretmanager.googleapis.com/v1/projects/agenda-beleza-75106/secrets/MP_ACCESS_TOKEN [none]
[debug] [2026-05-14T16:07:36.135Z] <<< [apiv2][status] GET https://secretmanager.googleapis.com/v1/projects/agenda-beleza-75106/secrets/MP_ACCESS_TOKEN 200
[debug] [2026-05-14T16:07:36.135Z] <<< [apiv2][body] GET https://secretmanager.googleapis.com/v1/projects/agenda-beleza-75106/secrets/MP_ACCESS_TOKEN {"name":"projects/1043439367326/secrets/MP_ACCESS_TOKEN","replication":{"automatic":{}},"createTime":"2026-03-19T22:12:24.070912Z","labels":{"firebase-managed":"functions"},"etag":"\"164d67dd001b25\""}
[debug] [2026-05-14T16:07:36.136Z] Checked if tokens are valid: true, expires at: 1778778323079
[debug] [2026-05-14T16:07:36.136Z] Checked if tokens are valid: true, expires at: 1778778323079
[debug] [2026-05-14T16:07:36.136Z] >>> [apiv2][query] GET https://secretmanager.googleapis.com/v1/projects/agenda-beleza-75106/secrets/MP_ACCESS_TOKEN/versions/latest [none]
[debug] [2026-05-14T16:07:36.399Z] <<< [apiv2][status] GET https://secretmanager.googleapis.com/v1/projects/agenda-beleza-75106/secrets/MP_ACCESS_TOKEN/versions/latest 200
[debug] [2026-05-14T16:07:36.399Z] <<< [apiv2][body] GET https://secretmanager.googleapis.com/v1/projects/agenda-beleza-75106/secrets/MP_ACCESS_TOKEN/versions/latest {"name":"projects/1043439367326/secrets/MP_ACCESS_TOKEN/versions/7","createTime":"2026-05-12T13:08:35.006692Z","state":"ENABLED","replicationStatus":{"automatic":{}},"etag":"\"16519e8f8814e4\""}
[info] i  functions: preparing functions directory for uploading... 
[info] i  functions: packaged C:\Users\Secretaria_4\Desktop\EsteticaApp\functions (194.54 KB) for uploading 
[debug] [2026-05-14T16:11:23.108Z] Checked if tokens are valid: true, expires at: 1778778323079
[debug] [2026-05-14T16:11:23.108Z] Checked if tokens are valid: true, expires at: 1778778323079
[debug] [2026-05-14T16:11:23.109Z] >>> [apiv2][query] GET https://cloudfunctions.googleapis.com/v1/projects/agenda-beleza-75106/locations/-/functions [none]
[debug] [2026-05-14T16:11:24.717Z] <<< [apiv2][status] GET https://cloudfunctions.googleapis.com/v1/projects/agenda-beleza-75106/locations/-/functions 200
[debug] [2026-05-14T16:11:24.717Z] <<< [apiv2][body] GET https://cloudfunctions.googleapis.com/v1/projects/agenda-beleza-75106/locations/-/functions {}
[debug] [2026-05-14T16:11:24.718Z] Checked if tokens are valid: true, expires at: 1778778323079
[debug] [2026-05-14T16:11:24.718Z] Checked if tokens are valid: true, expires at: 1778778323079
[debug] [2026-05-14T16:11:24.718Z] >>> [apiv2][query] GET https://cloudfunctions.googleapis.com/v2/projects/agenda-beleza-75106/locations/-/functions filter=environment%3D%22GEN_2%22
[debug] [2026-05-14T16:11:26.244Z] <<< [apiv2][status] GET https://cloudfunctions.googleapis.com/v2/projects/agenda-beleza-75106/locations/-/functions 200
[debug] [2026-05-14T16:11:26.245Z] <<< [apiv2][body] GET https://cloudfunctions.googleapis.com/v2/projects/agenda-beleza-75106/locations/-/functions {"functions":[{"name":"projects/agenda-beleza-75106/locations/southamerica-east1/functions/verificarUsuario","buildConfig":{"build":"projects/1043439367326/locations/southamerica-east1/builds/ecf8f9be-2c9d-4e67-94bf-49cc57f0e939","runtime":"nodejs22","entryPoint":"verificarUsuario","source":{"storageSource":{"bucket":"gcf-v2-sources-1043439367326-southamerica-east1","object":"verificarUsuario/function-source.zip","generation":"1778774874747497"}},"environmentVariables":{"GOOGLE_NODE_RUN_SCRIPTS":""},"dockerRepository":"projects/agenda-beleza-75106/locations/southamerica-east1/repositories/gcf-artifacts","sourceProvenance":{"resolvedStorageSource":{"bucket":"gcf-v2-sources-1043439367326-southamerica-east1","object":"verificarUsuario/function-source.zip","generation":"1778774874747497"}},"dockerRegistry":"ARTIFACT_REGISTRY","serviceAccount":"projects/agenda-beleza-75106/serviceAccounts/1043439367326-compute@developer.gserviceaccount.com","automaticUpdatePolicy":{}},"serviceConfig":{"service":"projects/agenda-beleza-75106/locations/southamerica-east1/services/verificarusuario","timeoutSeconds":60,"environmentVariables":{"FIREBASE_CONFIG":"{\"projectId\":\"agenda-beleza-75106\",\"storageBucket\":\"agenda-beleza-75106.firebasestorage.app\"}","GCLOUD_PROJECT":"agenda-beleza-75106","EVENTARC_CLOUD_EVENT_SOURCE":"projects/agenda-beleza-75106/locations/southamerica-east1/services/verificarUsuario","FUNCTION_TARGET":"verificarUsuario","LOG_EXECUTION_ID":"true","FUNCTION_SIGNATURE_TYPE":"http"},"maxInstanceCount":20,"ingressSettings":"ALLOW_ALL","uri":"https://verificarusuario-eoqa32y7ca-rj.a.run.app","serviceAccountEmail":"1043439367326-compute@developer.gserviceaccount.com","availableMemory":"256Mi","allTrafficOnLatestRevision":true,"revision":"verificarusuario-00038-wun","maxInstanceRequestConcurrency":80,"availableCpu":"1"},"state":"ACTIVE","updateTime":"2026-05-14T16:08:06.027682635Z","labels":{"deployment-tool":"cli-firebase","deployment-callable":"true","firebase-functions-hash":"f122ff82d0ee10b0b9f9419a1823a9225d0afcc6"},"environment":"GEN_2","url":"https://southamerica-east1-agenda-beleza-75106.cloudfunctions.net/verificarUsuario","satisfiesPzs":true,"createTime":"2026-04-18T18:21:00.596126084Z","satisfiesPzi":true},{"name":"projects/agenda-beleza-75106/locations/southamerica-east1/functions/validarPostagemStory","buildConfig":{"build":"projects/1043439367326/locations/southamerica-east1/builds/953786b4-3a02-48f9-a08f-9eac1a283902","runtime":"nodejs22","entryPoint":"validarPostagemStory","source":{"storageSource":{"bucket":"gcf-v2-sources-1043439367326-southamerica-east1","object":"validarPostagemStory/function-source.zip","generation":"1778774724850604"}},"environmentVariables":{"GOOGLE_NODE_RUN_SCRIPTS":""},"dockerRepository":"projects/agenda-beleza-75106/locations/southamerica-east1/repositories/gcf-artifacts","sourceProvenance":{"resolvedStorageSource":{"bucket":"gcf-v2-sources-1043439367326-southamerica-east1","object":"validarPostagemStory/function-source.zip","generation":"1778774724850604"}},"dockerRegistry":"ARTIFACT_REGISTRY","serviceAccount":"projects/agenda-beleza-75106/serviceAccounts/1043439367326-compute@developer.gserviceaccount.com","automaticUpdatePolicy":{}},"serviceConfig":{"service":"projects/agenda-beleza-75106/locations/southamerica-east1/services/validarpostagemstory","timeoutSeconds":60,"environmentVariables":{"FIREBASE_CONFIG":"{\"projectId\":\"agenda-beleza-75106\",\"storageBucket\":\"agenda-beleza-75106.firebasestorage.app\"}","GCLOUD_PROJECT":"agenda-beleza-75106","EVENTARC_CLOUD_EVENT_SOURCE":"projects/agenda-beleza-75106/locations/southamerica-east1/services/validarPostagemStory","FUNCTION_TARGET":"validarPostagemStory","LOG_EXECUTION_ID":"true"},"ingressSettings":"ALLOW_ALL","uri":"https://validarpostagemstory-eoqa32y7ca-rj.a.run.app","serviceAccountEmail":"1043439367326-compute@developer.gserviceaccount.com","availableMemory":"256Mi","allTrafficOnLatestRevision":true,"revision":"validarpostagemstory-00001-foz","maxInstanceRequestConcurrency":80,"availableCpu":"1"},"state":"ACTIVE","updateTime":"2026-05-14T16:06:30.396628852Z","labels":{"deployment-tool":"cli-firebase","deployment-callable":"true","firebase-functions-hash":"f122ff82d0ee10b0b9f9419a1823a9225d0afcc6"},"environment":"GEN_2","url":"https://southamerica-east1-agenda-beleza-75106.cloudfunctions.net/validarPostagemStory","satisfiesPzs":true,"createTime":"2026-05-14T16:05:25.447640131Z","satisfiesPzi":true},{"name":"projects/agenda-beleza-75106/locations/southamerica-east1/functions/lembreteAgendamento","buildConfig":{"build":"projects/1043439367326/locations/southamerica-east1/builds/ecf8f9be-2c9d-4e67-94bf-49cc57f0e939","runtime":"nodejs22","entryPoint":"lembreteAgendamento","source":{"storageSource":{"bucket":"gcf-v2-sources-1043439367326-southamerica-east1","object":"lembreteAgendamento/function-source.zip","generation":"1778774874739558"}},"environmentVariables":{"GOOGLE_NODE_RUN_SCRIPTS":""},"dockerRepository":"projects/agenda-beleza-75106/locations/southamerica-east1/repositories/gcf-artifacts","sourceProvenance":{"resolvedStorageSource":{"bucket":"gcf-v2-sources-1043439367326-southamerica-east1","object":"lembreteAgendamento/function-source.zip","generation":"1778774874739558"}},"dockerRegistry":"ARTIFACT_REGISTRY","serviceAccount":"projects/agenda-beleza-75106/serviceAccounts/1043439367326-compute@developer.gserviceaccount.com","automaticUpdatePolicy":{}},"serviceConfig":{"service":"projects/agenda-beleza-75106/locations/southamerica-east1/services/lembreteagendamento","timeoutSeconds":120,"environmentVariables":{"FIREBASE_CONFIG":"{\"projectId\":\"agenda-beleza-75106\",\"storageBucket\":\"agenda-beleza-75106.firebasestorage.app\"}","GCLOUD_PROJECT":"agenda-beleza-75106","EVENTARC_CLOUD_EVENT_SOURCE":"projects/agenda-beleza-75106/locations/southamerica-east1/services/lembreteAgendamento","FUNCTION_TARGET":"lembreteAgendamento","LOG_EXECUTION_ID":"true","FUNCTION_SIGNATURE_TYPE":"http"},"maxInstanceCount":20,"ingressSettings":"ALLOW_ALL","uri":"https://lembreteagendamento-eoqa32y7ca-rj.a.run.app","serviceAccountEmail":"1043439367326-compute@developer.gserviceaccount.com","availableMemory":"256Mi","allTrafficOnLatestRevision":true,"revision":"lembreteagendamento-00038-bih","maxInstanceRequestConcurrency":80,"availableCpu":"1"},"state":"ACTIVE","updateTime":"2026-05-14T16:08:02.532316374Z","labels":{"firebase-functions-hash":"f122ff82d0ee10b0b9f9419a1823a9225d0afcc6","deployment-tool":"cli-firebase","deployment-scheduled":"true"},"environment":"GEN_2","url":"https://southamerica-east1-agenda-beleza-75106.cloudfunctions.net/lembreteAgendamento","satisfiesPzs":true,"createTime":"2026-04-18T18:27:38.592298306Z","satisfiesPzi":true},{"name":"projects/agenda-beleza-75106/locations/southamerica-east1/functions/onAgendamentoUpdate","buildConfig":{"build":"projects/1043439367326/locations/southamerica-east1/builds/ecf8f9be-2c9d-4e67-94bf-49cc57f0e939","runtime":"nodejs22","entryPoint":"onAgendamentoUpdate","source":{"storageSource":{"bucket":"gcf-v2-sources-1043439367326-southamerica-east1","object":"onAgendamentoUpdate/function-source.zip","generation":"1778774875737801"}},"environmentVariables":{"GOOGLE_NODE_RUN_SCRIPTS":""},"dockerRepository":"projects/agenda-beleza-75106/locations/southamerica-east1/repositories/gcf-artifacts","sourceProvenance":{"resolvedStorageSource":{"bucket":"gcf-v2-sources-1043439367326-southamerica-east1","object":"onAgendamentoUpdate/function-source.zip","generation":"1778774875737801"}},"dockerRegistry":"ARTIFACT_REGISTRY","serviceAccount":"projects/agenda-beleza-75106/serviceAccounts/1043439367326-compute@developer.gserviceaccount.com","automaticUpdatePolicy":{}},"serviceConfig":{"service":"projects/agenda-beleza-75106/locations/southamerica-east1/services/onagendamentoupdate","timeoutSeconds":60,"environmentVariables":{"FIREBASE_CONFIG":"{\"projectId\":\"agenda-beleza-75106\",\"storageBucket\":\"agenda-beleza-75106.firebasestorage.app\"}","GCLOUD_PROJECT":"agenda-beleza-75106","EVENTARC_CLOUD_EVENT_SOURCE":"projects/agenda-beleza-75106/locations/southamerica-east1/services/onAgendamentoUpdate","FUNCTION_SIGNATURE_TYPE":"cloudevent","FUNCTION_TARGET":"onAgendamentoUpdate","LOG_EXECUTION_ID":"true"},"maxInstanceCount":20,"ingressSettings":"ALLOW_ALL","uri":"https://onagendamentoupdate-eoqa32y7ca-rj.a.run.app","serviceAccountEmail":"1043439367326-compute@developer.gserviceaccount.com","availableMemory":"256Mi","allTrafficOnLatestRevision":true,"revision":"onagendamentoupdate-00075-tul","maxInstanceRequestConcurrency":80,"availableCpu":"1"},"eventTrigger":{"trigger":"projects/agenda-beleza-75106/locations/southamerica-east1/triggers/onagendamentoupdate-837883","triggerRegion":"southamerica-east1","eventType":"google.cloud.firestore.document.v1.updated","eventFilters":[{"attribute":"document","value":"agendamentos/{docId}","operator":"match-path-pattern"},{"attribute":"database","value":"(default)"},{"attribute":"namespace","value":"(default)"}],"pubsubTopic":"projects/agenda-beleza-75106/topics/eventarc-southamerica-east1-onagendamentoupdate-837883-430","serviceAccountEmail":"1043439367326-compute@developer.gserviceaccount.com","retryPolicy":"RETRY_POLICY_DO_NOT_RETRY"},"state":"ACTIVE","updateTime":"2026-05-14T16:08:04.231663299Z","labels":{"firebase-functions-hash":"f122ff82d0ee10b0b9f9419a1823a9225d0afcc6","deployment-tool":"cli-firebase"},"environment":"GEN_2","url":"https://southamerica-east1-agenda-beleza-75106.cloudfunctions.net/onAgendamentoUpdate","satisfiesPzs":true,"createTime":"2026-03-25T23:19:03.274637750Z","satisfiesPzi":true},{"name":"projects/agenda-beleza-75106/locations/southamerica-east1/functions/criarPagamentoCliente","buildConfig":{"build":"projects/1043439367326/locations/southamerica-east1/builds/ecf8f9be-2c9d-4e67-94bf-49cc57f0e939","runtime":"nodejs22","entryPoint":"criarPagamentoCliente","source":{"storageSource":{"bucket":"gcf-v2-sources-1043439367326-southamerica-east1","object":"criarPagamentoCliente/function-source.zip","generation":"1778774875355361"}},"environmentVariables":{"GOOGLE_NODE_RUN_SCRIPTS":""},"dockerRepository":"projects/agenda-beleza-75106/locations/southamerica-east1/repositories/gcf-artifacts","sourceProvenance":{"resolvedStorageSource":{"bucket":"gcf-v2-sources-1043439367326-southamerica-east1","object":"criarPagamentoCliente/function-source.zip","generation":"1778774875355361"}},"dockerRegistry":"ARTIFACT_REGISTRY","serviceAccount":"projects/agenda-beleza-75106/serviceAccounts/1043439367326-compute@developer.gserviceaccount.com","automaticUpdatePolicy":{}},"serviceConfig":{"service":"projects/agenda-beleza-75106/locations/southamerica-east1/services/criarpagamentocliente","timeoutSeconds":60,"environmentVariables":{"FIREBASE_CONFIG":"{\"projectId\":\"agenda-beleza-75106\",\"storageBucket\":\"agenda-beleza-75106.firebasestorage.app\"}","GCLOUD_PROJECT":"agenda-beleza-75106","EVENTARC_CLOUD_EVENT_SOURCE":"projects/agenda-beleza-75106/locations/southamerica-east1/services/criarPagamentoCliente","FUNCTION_TARGET":"criarPagamentoCliente","LOG_EXECUTION_ID":"true","FUNCTION_SIGNATURE_TYPE":"http"},"maxInstanceCount":20,"ingressSettings":"ALLOW_ALL","uri":"https://criarpagamentocliente-eoqa32y7ca-rj.a.run.app","serviceAccountEmail":"1043439367326-compute@developer.gserviceaccount.com","availableMemory":"256Mi","allTrafficOnLatestRevision":true,"revision":"criarpagamentocliente-00040-buw","maxInstanceRequestConcurrency":80,"availableCpu":"1"},"state":"ACTIVE","updateTime":"2026-05-14T16:08:03.406527331Z","labels":{"firebase-functions-hash":"f122ff82d0ee10b0b9f9419a1823a9225d0afcc6","deployment-tool":"cli-firebase","deployment-callable":"true"},"environment":"GEN_2","url":"https://southamerica-east1-agenda-beleza-75106.cloudfunctions.net/criarPagamentoCliente","satisfiesPzs":true,"createTime":"2026-04-16T01:02:31.210895436Z","satisfiesPzi":true},{"name":"projects/agenda-beleza-75106/locations/southamerica-east1/functions/cancelarAgendamento","buildConfig":{"build":"projects/1043439367326/locations/southamerica-east1/builds/ecf8f9be-2c9d-4e67-94bf-49cc57f0e939","runtime":"nodejs22","entryPoint":"cancelarAgendamento","source":{"storageSource":{"bucket":"gcf-v2-sources-1043439367326-southamerica-east1","object":"cancelarAgendamento/function-source.zip","generation":"1778774875000384"}},"environmentVariables":{"GOOGLE_NODE_RUN_SCRIPTS":""},"dockerRepository":"projects/agenda-beleza-75106/locations/southamerica-east1/repositories/gcf-artifacts","sourceProvenance":{"resolvedStorageSource":{"bucket":"gcf-v2-sources-1043439367326-southamerica-east1","object":"cancelarAgendamento/function-source.zip","generation":"1778774875000384"}},"dockerRegistry":"ARTIFACT_REGISTRY","serviceAccount":"projects/agenda-beleza-75106/serviceAccounts/1043439367326-compute@developer.gserviceaccount.com","automaticUpdatePolicy":{}},"serviceConfig":{"service":"projects/agenda-beleza-75106/locations/southamerica-east1/services/cancelaragendamento","timeoutSeconds":60,"environmentVariables":{"FIREBASE_CONFIG":"{\"projectId\":\"agenda-beleza-75106\",\"storageBucket\":\"agenda-beleza-75106.firebasestorage.app\"}","GCLOUD_PROJECT":"agenda-beleza-75106","EVENTARC_CLOUD_EVENT_SOURCE":"projects/agenda-beleza-75106/locations/southamerica-east1/services/cancelarAgendamento","FUNCTION_TARGET":"cancelarAgendamento","LOG_EXECUTION_ID":"true","FUNCTION_SIGNATURE_TYPE":"http"},"maxInstanceCount":20,"ingressSettings":"ALLOW_ALL","uri":"https://cancelaragendamento-eoqa32y7ca-rj.a.run.app","serviceAccountEmail":"1043439367326-compute@developer.gserviceaccount.com","availableMemory":"256Mi","allTrafficOnLatestRevision":true,"revision":"cancelaragendamento-00050-net","maxInstanceRequestConcurrency":80,"availableCpu":"1"},"state":"ACTIVE","updateTime":"2026-05-14T16:08:04.985721633Z","labels":{"deployment-tool":"cli-firebase","deployment-callable":"true","firebase-functions-hash":"f122ff82d0ee10b0b9f9419a1823a9225d0afcc6"},"environment":"GEN_2","url":"https://southamerica-east1-agenda-beleza-75106.cloudfunctions.net/cancelarAgendamento","satisfiesPzs":true,"createTime":"2026-04-03T21:45:38.428665843Z","satisfiesPzi":true},{"name":"projects/agenda-beleza-75106/locations/southamerica-east1/functions/webhookMercadoPago","buildConfig":{"build":"projects/1043439367326/locations/southamerica-east1/builds/ecf8f9be-2c9d-4e67-94bf-49cc57f0e939","runtime":"nodejs22","entryPoint":"webhookMercadoPago","source":{"storageSource":{"bucket":"gcf-v2-sources-1043439367326-southamerica-east1","object":"webhookMercadoPago/function-source.zip","generation":"1778774874821528"}},"environmentVariables":{"GOOGLE_NODE_RUN_SCRIPTS":""},"dockerRepository":"projects/agenda-beleza-75106/locations/southamerica-east1/repositories/gcf-artifacts","sourceProvenance":{"resolvedStorageSource":{"bucket":"gcf-v2-sources-1043439367326-southamerica-east1","object":"webhookMercadoPago/function-source.zip","generation":"1778774874821528"}},"dockerRegistry":"ARTIFACT_REGISTRY","serviceAccount":"projects/agenda-beleza-75106/serviceAccounts/1043439367326-compute@developer.gserviceaccount.com","automaticUpdatePolicy":{}},"serviceConfig":{"service":"projects/agenda-beleza-75106/locations/southamerica-east1/services/webhookmercadopago","timeoutSeconds":60,"environmentVariables":{"FIREBASE_CONFIG":"{\"projectId\":\"agenda-beleza-75106\",\"storageBucket\":\"agenda-beleza-75106.firebasestorage.app\"}","GCLOUD_PROJECT":"agenda-beleza-75106","EVENTARC_CLOUD_EVENT_SOURCE":"projects/agenda-beleza-75106/locations/southamerica-east1/services/webhookMercadoPago","FUNCTION_TARGET":"webhookMercadoPago","LOG_EXECUTION_ID":"true","FUNCTION_SIGNATURE_TYPE":"http"},"maxInstanceCount":20,"ingressSettings":"ALLOW_ALL","uri":"https://webhookmercadopago-eoqa32y7ca-rj.a.run.app","serviceAccountEmail":"1043439367326-compute@developer.gserviceaccount.com","availableMemory":"256Mi","allTrafficOnLatestRevision":true,"secretEnvironmentVariables":[{"key":"MP_WEBHOOK_SECRET","projectId":"agenda-beleza-75106","secret":"MP_WEBHOOK_SECRET","version":"3"},{"key":"MP_ACCESS_TOKEN","projectId":"agenda-beleza-75106","secret":"MP_ACCESS_TOKEN","version":"7"}],"revision":"webhookmercadopago-00056-paq","maxInstanceRequestConcurrency":80,"availableCpu":"1"},"state":"ACTIVE","updateTime":"2026-05-14T16:08:05.457903460Z","labels":{"firebase-functions-hash":"295d19a4489c14a5941c2bf6913a86b55ab99e71","deployment-tool":"cli-firebase"},"environment":"GEN_2","url":"https://southamerica-east1-agenda-beleza-75106.cloudfunctions.net/webhookMercadoPago","satisfiesPzs":true,"createTime":"2026-04-03T21:45:37.988508075Z","satisfiesPzi":true},{"name":"projects/agenda-beleza-75106/locations/southamerica-east1/functions/desativarUsuario","buildConfig":{"build":"projects/1043439367326/locations/southamerica-east1/builds/ecf8f9be-2c9d-4e67-94bf-49cc57f0e939","runtime":"nodejs22","entryPoint":"desativarUsuario","source":{"storageSource":{"bucket":"gcf-v2-sources-1043439367326-southamerica-east1","object":"desativarUsuario/function-source.zip","generation":"1778774875103407"}},"environmentVariables":{"GOOGLE_NODE_RUN_SCRIPTS":""},"dockerRepository":"projects/agenda-beleza-75106/locations/southamerica-east1/repositories/gcf-artifacts","sourceProvenance":{"resolvedStorageSource":{"bucket":"gcf-v2-sources-1043439367326-southamerica-east1","object":"desativarUsuario/function-source.zip","generation":"1778774875103407"}},"dockerRegistry":"ARTIFACT_REGISTRY","serviceAccount":"projects/agenda-beleza-75106/serviceAccounts/1043439367326-compute@developer.gserviceaccount.com","automaticUpdatePolicy":{}},"serviceConfig":{"service":"projects/agenda-beleza-75106/locations/southamerica-east1/services/desativarusuario","timeoutSeconds":60,"environmentVariables":{"FIREBASE_CONFIG":"{\"projectId\":\"agenda-beleza-75106\",\"storageBucket\":\"agenda-beleza-75106.firebasestorage.app\"}","GCLOUD_PROJECT":"agenda-beleza-75106","EVENTARC_CLOUD_EVENT_SOURCE":"projects/agenda-beleza-75106/locations/southamerica-east1/services/desativarUsuario","FUNCTION_TARGET":"desativarUsuario","LOG_EXECUTION_ID":"true","FUNCTION_SIGNATURE_TYPE":"http"},"maxInstanceCount":20,"ingressSettings":"ALLOW_ALL","uri":"https://desativarusuario-eoqa32y7ca-rj.a.run.app","serviceAccountEmail":"1043439367326-compute@developer.gserviceaccount.com","availableMemory":"256Mi","allTrafficOnLatestRevision":true,"revision":"desativarusuario-00038-mol","maxInstanceRequestConcurrency":80,"availableCpu":"1"},"state":"ACTIVE","updateTime":"2026-05-14T16:08:03.707827539Z","labels":{"deployment-tool":"cli-firebase","deployment-callable":"true","firebase-functions-hash":"f122ff82d0ee10b0b9f9419a1823a9225d0afcc6"},"environment":"GEN_2","url":"https://southamerica-east1-agenda-beleza-75106.cloudfunctions.net/desativarUsuario","satisfiesPzs":true,"createTime":"2026-04-18T18:21:01.033962349Z","satisfiesPzi":true},{"name":"projects/agenda-beleza-75106/locations/southamerica-east1/functions/limparStories","buildConfig":{"build":"projects/1043439367326/locations/southamerica-east1/builds/ecf8f9be-2c9d-4e67-94bf-49cc57f0e939","runtime":"nodejs22","entryPoint":"limparStories","source":{"storageSource":{"bucket":"gcf-v2-sources-1043439367326-southamerica-east1","object":"limparStories/function-source.zip","generation":"1778774875624339"}},"environmentVariables":{"GOOGLE_NODE_RUN_SCRIPTS":""},"dockerRepository":"projects/agenda-beleza-75106/locations/southamerica-east1/repositories/gcf-artifacts","sourceProvenance":{"resolvedStorageSource":{"bucket":"gcf-v2-sources-1043439367326-southamerica-east1","object":"limparStories/function-source.zip","generation":"1778774875624339"}},"dockerRegistry":"ARTIFACT_REGISTRY","serviceAccount":"projects/agenda-beleza-75106/serviceAccounts/1043439367326-compute@developer.gserviceaccount.com","automaticUpdatePolicy":{}},"serviceConfig":{"service":"projects/agenda-beleza-75106/locations/southamerica-east1/services/limparstories","timeoutSeconds":120,"environmentVariables":{"FIREBASE_CONFIG":"{\"projectId\":\"agenda-beleza-75106\",\"storageBucket\":\"agenda-beleza-75106.firebasestorage.app\"}","GCLOUD_PROJECT":"agenda-beleza-75106","EVENTARC_CLOUD_EVENT_SOURCE":"projects/agenda-beleza-75106/locations/southamerica-east1/services/limparStories","FUNCTION_TARGET":"limparStories","LOG_EXECUTION_ID":"true","FUNCTION_SIGNATURE_TYPE":"http"},"maxInstanceCount":20,"ingressSettings":"ALLOW_ALL","uri":"https://limparstories-eoqa32y7ca-rj.a.run.app","serviceAccountEmail":"1043439367326-compute@developer.gserviceaccount.com","availableMemory":"256Mi","allTrafficOnLatestRevision":true,"revision":"limparstories-00038-kuf","maxInstanceRequestConcurrency":80,"availableCpu":"1"},"state":"ACTIVE","updateTime":"2026-05-14T16:08:05.708696886Z","labels":{"deployment-tool":"cli-firebase","deployment-scheduled":"true","firebase-functions-hash":"f122ff82d0ee10b0b9f9419a1823a9225d0afcc6"},"environment":"GEN_2","url":"https://southamerica-east1-agenda-beleza-75106.cloudfunctions.net/limparStories","satisfiesPzs":true,"createTime":"2026-04-18T18:28:19.197537191Z","satisfiesPzi":true},{"name":"projects/agenda-beleza-75106/locations/southamerica-east1/functions/salvarDadosConta","buildConfig":{"build":"projects/1043439367326/locations/southamerica-east1/builds/ecf8f9be-2c9d-4e67-94bf-49cc57f0e939","runtime":"nodejs22","entryPoint":"salvarDadosConta","source":{"storageSource":{"bucket":"gcf-v2-sources-1043439367326-southamerica-east1","object":"salvarDadosConta/function-source.zip","generation":"1778774875726475"}},"environmentVariables":{"GOOGLE_NODE_RUN_SCRIPTS":""},"dockerRepository":"projects/agenda-beleza-75106/locations/southamerica-east1/repositories/gcf-artifacts","sourceProvenance":{"resolvedStorageSource":{"bucket":"gcf-v2-sources-1043439367326-southamerica-east1","object":"salvarDadosConta/function-source.zip","generation":"1778774875726475"}},"dockerRegistry":"ARTIFACT_REGISTRY","serviceAccount":"projects/agenda-beleza-75106/serviceAccounts/1043439367326-compute@developer.gserviceaccount.com","automaticUpdatePolicy":{}},"serviceConfig":{"service":"projects/agenda-beleza-75106/locations/southamerica-east1/services/salvardadosconta","timeoutSeconds":60,"environmentVariables":{"FIREBASE_CONFIG":"{\"projectId\":\"agenda-beleza-75106\",\"storageBucket\":\"agenda-beleza-75106.firebasestorage.app\"}","GCLOUD_PROJECT":"agenda-beleza-75106","EVENTARC_CLOUD_EVENT_SOURCE":"projects/agenda-beleza-75106/locations/southamerica-east1/services/salvarDadosConta","FUNCTION_TARGET":"salvarDadosConta","LOG_EXECUTION_ID":"true","FUNCTION_SIGNATURE_TYPE":"http"},"maxInstanceCount":20,"ingressSettings":"ALLOW_ALL","uri":"https://salvardadosconta-eoqa32y7ca-rj.a.run.app","serviceAccountEmail":"1043439367326-compute@developer.gserviceaccount.com","availableMemory":"256Mi","allTrafficOnLatestRevision":true,"revision":"salvardadosconta-00016-wej","maxInstanceRequestConcurrency":80,"availableCpu":"1"},"state":"ACTIVE","updateTime":"2026-05-14T16:08:05.475020068Z","labels":{"deployment-tool":"cli-firebase","deployment-callable":"true","firebase-functions-hash":"f122ff82d0ee10b0b9f9419a1823a9225d0afcc6"},"environment":"GEN_2","url":"https://southamerica-east1-agenda-beleza-75106.cloudfunctions.net/salvarDadosConta","satisfiesPzs":true,"createTime":"2026-05-11T17:40:07.592260236Z","satisfiesPzi":true},{"name":"projects/agenda-beleza-75106/locations/southamerica-east1/functions/concluirAgendamento","buildConfig":{"build":"projects/1043439367326/locations/southamerica-east1/builds/ecf8f9be-2c9d-4e67-94bf-49cc57f0e939","runtime":"nodejs22","entryPoint":"concluirAgendamento","source":{"storageSource":{"bucket":"gcf-v2-sources-1043439367326-southamerica-east1","object":"concluirAgendamento/function-source.zip","generation":"1778774875393866"}},"environmentVariables":{"GOOGLE_NODE_RUN_SCRIPTS":""},"dockerRepository":"projects/agenda-beleza-75106/locations/southamerica-east1/repositories/gcf-artifacts","sourceProvenance":{"resolvedStorageSource":{"bucket":"gcf-v2-sources-1043439367326-southamerica-east1","object":"concluirAgendamento/function-source.zip","generation":"1778774875393866"}},"dockerRegistry":"ARTIFACT_REGISTRY","serviceAccount":"projects/agenda-beleza-75106/serviceAccounts/1043439367326-compute@developer.gserviceaccount.com","automaticUpdatePolicy":{}},"serviceConfig":{"service":"projects/agenda-beleza-75106/locations/southamerica-east1/services/concluiragendamento","timeoutSeconds":60,"environmentVariables":{"FIREBASE_CONFIG":"{\"projectId\":\"agenda-beleza-75106\",\"storageBucket\":\"agenda-beleza-75106.firebasestorage.app\"}","GCLOUD_PROJECT":"agenda-beleza-75106","EVENTARC_CLOUD_EVENT_SOURCE":"projects/agenda-beleza-75106/locations/southamerica-east1/services/concluirAgendamento","FUNCTION_TARGET":"concluirAgendamento","LOG_EXECUTION_ID":"true","FUNCTION_SIGNATURE_TYPE":"http"},"maxInstanceCount":20,"ingressSettings":"ALLOW_ALL","uri":"https://concluiragendamento-eoqa32y7ca-rj.a.run.app","serviceAccountEmail":"1043439367326-compute@developer.gserviceaccount.com","availableMemory":"256Mi","allTrafficOnLatestRevision":true,"revision":"concluiragendamento-00047-xeb","maxInstanceRequestConcurrency":80,"availableCpu":"1"},"state":"ACTIVE","updateTime":"2026-05-14T16:08:04.671422524Z","labels":{"deployment-tool":"cli-firebase","deployment-callable":"true","firebase-functions-hash":"f122ff82d0ee10b0b9f9419a1823a9225d0afcc6"},"environment":"GEN_2","url":"https://southamerica-east1-agenda-beleza-75106.cloudfunctions.net/concluirAgendamento","satisfiesPzs":true,"createTime":"2026-04-03T21:45:38.094447161Z","satisfiesPzi":true},{"name":"projects/agenda-beleza-75106/locations/southamerica-east1/functions/expirarAgendamentos","buildConfig":{"build":"projects/1043439367326/locations/southamerica-east1/builds/ecf8f9be-2c9d-4e67-94bf-49cc57f0e939","runtime":"nodejs22","entryPoint":"expirarAgendamentos","source":{"storageSource":{"bucket":"gcf-v2-sources-1043439367326-southamerica-east1","object":"expirarAgendamentos/function-source.zip","generation":"1778774874728893"}},"environmentVariables":{"GOOGLE_NODE_RUN_SCRIPTS":""},"dockerRepository":"projects/agenda-beleza-75106/locations/southamerica-east1/repositories/gcf-artifacts","sourceProvenance":{"resolvedStorageSource":{"bucket":"gcf-v2-sources-1043439367326-southamerica-east1","object":"expirarAgendamentos/function-source.zip","generation":"1778774874728893"}},"dockerRegistry":"ARTIFACT_REGISTRY","serviceAccount":"projects/agenda-beleza-75106/serviceAccounts/1043439367326-compute@developer.gserviceaccount.com","automaticUpdatePolicy":{}},"serviceConfig":{"service":"projects/agenda-beleza-75106/locations/southamerica-east1/services/expiraragendamentos","timeoutSeconds":120,"environmentVariables":{"FIREBASE_CONFIG":"{\"projectId\":\"agenda-beleza-75106\",\"storageBucket\":\"agenda-beleza-75106.firebasestorage.app\"}","GCLOUD_PROJECT":"agenda-beleza-75106","EVENTARC_CLOUD_EVENT_SOURCE":"projects/agenda-beleza-75106/locations/southamerica-east1/services/expirarAgendamentos","FUNCTION_TARGET":"expirarAgendamentos","LOG_EXECUTION_ID":"true","FUNCTION_SIGNATURE_TYPE":"http"},"maxInstanceCount":20,"ingressSettings":"ALLOW_ALL","uri":"https://expiraragendamentos-eoqa32y7ca-rj.a.run.app","serviceAccountEmail":"1043439367326-compute@developer.gserviceaccount.com","availableMemory":"256Mi","allTrafficOnLatestRevision":true,"revision":"expiraragendamentos-00023-yil","maxInstanceRequestConcurrency":80,"availableCpu":"1"},"state":"ACTIVE","updateTime":"2026-05-14T16:08:04.613684198Z","labels":{"deployment-scheduled":"true","firebase-functions-hash":"f122ff82d0ee10b0b9f9419a1823a9225d0afcc6","deployment-tool":"cli-firebase"},"environment":"GEN_2","url":"https://southamerica-east1-agenda-beleza-75106.cloudfunctions.net/expirarAgendamentos","satisfiesPzs":true,"createTime":"2026-05-05T18:12:05.387763197Z","satisfiesPzi":true},{"name":"projects/agenda-beleza-75106/locations/southamerica-east1/functions/criarAgendamento","buildConfig":{"build":"projects/1043439367326/locations/southamerica-east1/builds/ecf8f9be-2c9d-4e67-94bf-49cc57f0e939","runtime":"nodejs22","entryPoint":"criarAgendamento","source":{"storageSource":{"bucket":"gcf-v2-sources-1043439367326-southamerica-east1","object":"criarAgendamento/function-source.zip","generation":"1778774874851081"}},"environmentVariables":{"GOOGLE_NODE_RUN_SCRIPTS":""},"dockerRepository":"projects/agenda-beleza-75106/locations/southamerica-east1/repositories/gcf-artifacts","sourceProvenance":{"resolvedStorageSource":{"bucket":"gcf-v2-sources-1043439367326-southamerica-east1","object":"criarAgendamento/function-source.zip","generation":"1778774874851081"}},"dockerRegistry":"ARTIFACT_REGISTRY","serviceAccount":"projects/agenda-beleza-75106/serviceAccounts/1043439367326-compute@developer.gserviceaccount.com","automaticUpdatePolicy":{}},"serviceConfig":{"service":"projects/agenda-beleza-75106/locations/southamerica-east1/services/criaragendamento","timeoutSeconds":60,"environmentVariables":{"FIREBASE_CONFIG":"{\"projectId\":\"agenda-beleza-75106\",\"storageBucket\":\"agenda-beleza-75106.firebasestorage.app\"}","GCLOUD_PROJECT":"agenda-beleza-75106","EVENTARC_CLOUD_EVENT_SOURCE":"projects/agenda-beleza-75106/locations/southamerica-east1/services/criarAgendamento","FUNCTION_TARGET":"criarAgendamento","LOG_EXECUTION_ID":"true","FUNCTION_SIGNATURE_TYPE":"http"},"maxInstanceCount":50,"ingressSettings":"ALLOW_ALL","uri":"https://criaragendamento-eoqa32y7ca-rj.a.run.app","serviceAccountEmail":"1043439367326-compute@developer.gserviceaccount.com","availableMemory":"256Mi","allTrafficOnLatestRevision":true,"revision":"criaragendamento-00054-cav","maxInstanceRequestConcurrency":80,"availableCpu":"1"},"state":"ACTIVE","updateTime":"2026-05-14T16:08:02.996409177Z","labels":{"firebase-functions-hash":"f122ff82d0ee10b0b9f9419a1823a9225d0afcc6","deployment-tool":"cli-firebase","deployment-callable":"true"},"environment":"GEN_2","url":"https://southamerica-east1-agenda-beleza-75106.cloudfunctions.net/criarAgendamento","satisfiesPzs":true,"createTime":"2026-04-03T21:45:37.945550617Z","satisfiesPzi":true},{"name":"projects/agenda-beleza-75106/locations/southamerica-east1/functions/aoCriarNotificacao","buildConfig":{"build":"projects/1043439367326/locations/southamerica-east1/builds/ecf8f9be-2c9d-4e67-94bf-49cc57f0e939","runtime":"nodejs22","entryPoint":"aoCriarNotificacao","source":{"storageSource":{"bucket":"gcf-v2-sources-1043439367326-southamerica-east1","object":"aoCriarNotificacao/function-source.zip","generation":"1778774875041655"}},"environmentVariables":{"GOOGLE_NODE_RUN_SCRIPTS":""},"dockerRepository":"projects/agenda-beleza-75106/locations/southamerica-east1/repositories/gcf-artifacts","sourceProvenance":{"resolvedStorageSource":{"bucket":"gcf-v2-sources-1043439367326-southamerica-east1","object":"aoCriarNotificacao/function-source.zip","generation":"1778774875041655"}},"dockerRegistry":"ARTIFACT_REGISTRY","serviceAccount":"projects/agenda-beleza-75106/serviceAccounts/1043439367326-compute@developer.gserviceaccount.com","automaticUpdatePolicy":{}},"serviceConfig":{"service":"projects/agenda-beleza-75106/locations/southamerica-east1/services/aocriarnotificacao","timeoutSeconds":60,"environmentVariables":{"FIREBASE_CONFIG":"{\"projectId\":\"agenda-beleza-75106\",\"storageBucket\":\"agenda-beleza-75106.firebasestorage.app\"}","GCLOUD_PROJECT":"agenda-beleza-75106","EVENTARC_CLOUD_EVENT_SOURCE":"projects/agenda-beleza-75106/locations/southamerica-east1/services/aoCriarNotificacao","FUNCTION_SIGNATURE_TYPE":"cloudevent","FUNCTION_TARGET":"aoCriarNotificacao","LOG_EXECUTION_ID":"true"},"maxInstanceCount":20,"ingressSettings":"ALLOW_ALL","uri":"https://aocriarnotificacao-eoqa32y7ca-rj.a.run.app","serviceAccountEmail":"1043439367326-compute@developer.gserviceaccount.com","availableMemory":"256Mi","allTrafficOnLatestRevision":true,"revision":"aocriarnotificacao-00044-cid","maxInstanceRequestConcurrency":80,"availableCpu":"1"},"eventTrigger":{"trigger":"projects/agenda-beleza-75106/locations/southamerica-east1/triggers/aocriarnotificacao-895337","triggerRegion":"southamerica-east1","eventType":"google.cloud.firestore.document.v1.created","eventFilters":[{"attribute":"namespace","value":"(default)"},{"attribute":"document","value":"notificacoes/{docId}","operator":"match-path-pattern"},{"attribute":"database","value":"(default)"}],"pubsubTopic":"projects/agenda-beleza-75106/topics/eventarc-southamerica-east1-aocriarnotificacao-895337-276","serviceAccountEmail":"1043439367326-compute@developer.gserviceaccount.com","retryPolicy":"RETRY_POLICY_DO_NOT_RETRY"},"state":"ACTIVE","updateTime":"2026-05-14T16:08:05.747991968Z","labels":{"firebase-functions-hash":"f122ff82d0ee10b0b9f9419a1823a9225d0afcc6","deployment-tool":"cli-firebase"},"environment":"GEN_2","url":"https://southamerica-east1-agenda-beleza-75106.cloudfunctions.net/aoCriarNotificacao","satisfiesPzs":true,"createTime":"2026-04-04T00:02:17.831098112Z","satisfiesPzi":true},{"name":"projects/agenda-beleza-75106/locations/southamerica-east1/functions/criarPagamentoPixAssinatura","buildConfig":{"build":"projects/1043439367326/locations/southamerica-east1/builds/ecf8f9be-2c9d-4e67-94bf-49cc57f0e939","runtime":"nodejs22","entryPoint":"criarPagamentoPixAssinatura","source":{"storageSource":{"bucket":"gcf-v2-sources-1043439367326-southamerica-east1","object":"criarPagamentoPixAssinatura/function-source.zip","generation":"1778774874806988"}},"environmentVariables":{"GOOGLE_NODE_RUN_SCRIPTS":""},"dockerRepository":"projects/agenda-beleza-75106/locations/southamerica-east1/repositories/gcf-artifacts","sourceProvenance":{"resolvedStorageSource":{"bucket":"gcf-v2-sources-1043439367326-southamerica-east1","object":"criarPagamentoPixAssinatura/function-source.zip","generation":"1778774874806988"}},"dockerRegistry":"ARTIFACT_REGISTRY","serviceAccount":"projects/agenda-beleza-75106/serviceAccounts/1043439367326-compute@developer.gserviceaccount.com","automaticUpdatePolicy":{}},"serviceConfig":{"service":"projects/agenda-beleza-75106/locations/southamerica-east1/services/criarpagamentopixassinatura","timeoutSeconds":60,"environmentVariables":{"FIREBASE_CONFIG":"{\"projectId\":\"agenda-beleza-75106\",\"storageBucket\":\"agenda-beleza-75106.firebasestorage.app\"}","GCLOUD_PROJECT":"agenda-beleza-75106","EVENTARC_CLOUD_EVENT_SOURCE":"projects/agenda-beleza-75106/locations/southamerica-east1/services/criarPagamentoPixAssinatura","FUNCTION_TARGET":"criarPagamentoPixAssinatura","LOG_EXECUTION_ID":"true","FUNCTION_SIGNATURE_TYPE":"http"},"maxInstanceCount":20,"ingressSettings":"ALLOW_ALL","uri":"https://criarpagamentopixassinatura-eoqa32y7ca-rj.a.run.app","serviceAccountEmail":"1043439367326-compute@developer.gserviceaccount.com","availableMemory":"256Mi","allTrafficOnLatestRevision":true,"secretEnvironmentVariables":[{"key":"MP_ACCESS_TOKEN","projectId":"agenda-beleza-75106","secret":"MP_ACCESS_TOKEN","version":"7"}],"revision":"criarpagamentopixassinatura-00042-hiy","maxInstanceRequestConcurrency":80,"availableCpu":"1"},"state":"ACTIVE","updateTime":"2026-05-14T16:08:05.419961725Z","labels":{"deployment-callable":"true","firebase-functions-hash":"d9398a4580f4ffd4433db380f7ce0ce0f707877d","deployment-tool":"cli-firebase"},"environment":"GEN_2","url":"https://southamerica-east1-agenda-beleza-75106.cloudfunctions.net/criarPagamentoPixAssinatura","satisfiesPzs":true,"createTime":"2026-04-16T01:03:33.398263384Z","satisfiesPzi":true},{"name":"projects/agenda-beleza-75106/locations/southamerica-east1/functions/iniciarTrial","buildConfig":{"build":"projects/1043439367326/locations/southamerica-east1/builds/ecf8f9be-2c9d-4e67-94bf-49cc57f0e939","runtime":"nodejs22","entryPoint":"iniciarTrial","source":{"storageSource":{"bucket":"gcf-v2-sources-1043439367326-southamerica-east1","object":"iniciarTrial/function-source.zip","generation":"1778774875029537"}},"environmentVariables":{"GOOGLE_NODE_RUN_SCRIPTS":""},"dockerRepository":"projects/agenda-beleza-75106/locations/southamerica-east1/repositories/gcf-artifacts","sourceProvenance":{"resolvedStorageSource":{"bucket":"gcf-v2-sources-1043439367326-southamerica-east1","object":"iniciarTrial/function-source.zip","generation":"1778774875029537"}},"dockerRegistry":"ARTIFACT_REGISTRY","serviceAccount":"projects/agenda-beleza-75106/serviceAccounts/1043439367326-compute@developer.gserviceaccount.com","automaticUpdatePolicy":{}},"serviceConfig":{"service":"projects/agenda-beleza-75106/locations/southamerica-east1/services/iniciartrial","timeoutSeconds":60,"environmentVariables":{"FIREBASE_CONFIG":"{\"projectId\":\"agenda-beleza-75106\",\"storageBucket\":\"agenda-beleza-75106.firebasestorage.app\"}","GCLOUD_PROJECT":"agenda-beleza-75106","EVENTARC_CLOUD_EVENT_SOURCE":"projects/agenda-beleza-75106/locations/southamerica-east1/services/iniciarTrial","FUNCTION_TARGET":"iniciarTrial","LOG_EXECUTION_ID":"true","FUNCTION_SIGNATURE_TYPE":"http"},"maxInstanceCount":20,"ingressSettings":"ALLOW_ALL","uri":"https://iniciartrial-eoqa32y7ca-rj.a.run.app","serviceAccountEmail":"1043439367326-compute@developer.gserviceaccount.com","availableMemory":"256Mi","allTrafficOnLatestRevision":true,"revision":"iniciartrial-00054-qet","maxInstanceRequestConcurrency":80,"availableCpu":"1"},"state":"ACTIVE","updateTime":"2026-05-14T16:08:04.472123559Z","labels":{"firebase-functions-hash":"f122ff82d0ee10b0b9f9419a1823a9225d0afcc6","deployment-tool":"cli-firebase","deployment-callable":"true"},"environment":"GEN_2","url":"https://southamerica-east1-agenda-beleza-75106.cloudfunctions.net/iniciarTrial","satisfiesPzs":true,"createTime":"2026-04-03T21:45:38.006865597Z","satisfiesPzi":true},{"name":"projects/agenda-beleza-75106/locations/southamerica-east1/functions/avaliarAgendamento","buildConfig":{"build":"projects/1043439367326/locations/southamerica-east1/builds/ecf8f9be-2c9d-4e67-94bf-49cc57f0e939","runtime":"nodejs22","entryPoint":"avaliarAgendamento","source":{"storageSource":{"bucket":"gcf-v2-sources-1043439367326-southamerica-east1","object":"avaliarAgendamento/function-source.zip","generation":"1778774874814022"}},"environmentVariables":{"GOOGLE_NODE_RUN_SCRIPTS":""},"dockerRepository":"projects/agenda-beleza-75106/locations/southamerica-east1/repositories/gcf-artifacts","sourceProvenance":{"resolvedStorageSource":{"bucket":"gcf-v2-sources-1043439367326-southamerica-east1","object":"avaliarAgendamento/function-source.zip","generation":"1778774874814022"}},"dockerRegistry":"ARTIFACT_REGISTRY","serviceAccount":"projects/agenda-beleza-75106/serviceAccounts/1043439367326-compute@developer.gserviceaccount.com","automaticUpdatePolicy":{}},"serviceConfig":{"service":"projects/agenda-beleza-75106/locations/southamerica-east1/services/avaliaragendamento","timeoutSeconds":60,"environmentVariables":{"FIREBASE_CONFIG":"{\"projectId\":\"agenda-beleza-75106\",\"storageBucket\":\"agenda-beleza-75106.firebasestorage.app\"}","GCLOUD_PROJECT":"agenda-beleza-75106","EVENTARC_CLOUD_EVENT_SOURCE":"projects/agenda-beleza-75106/locations/southamerica-east1/services/avaliarAgendamento","FUNCTION_TARGET":"avaliarAgendamento","LOG_EXECUTION_ID":"true","FUNCTION_SIGNATURE_TYPE":"http"},"maxInstanceCount":20,"ingressSettings":"ALLOW_ALL","uri":"https://avaliaragendamento-eoqa32y7ca-rj.a.run.app","serviceAccountEmail":"1043439367326-compute@developer.gserviceaccount.com","availableMemory":"256Mi","allTrafficOnLatestRevision":true,"revision":"avaliaragendamento-00006-miy","maxInstanceRequestConcurrency":80,"availableCpu":"1"},"state":"ACTIVE","updateTime":"2026-05-14T16:08:05.353610528Z","labels":{"firebase-functions-hash":"f122ff82d0ee10b0b9f9419a1823a9225d0afcc6","deployment-tool":"cli-firebase","deployment-callable":"true"},"environment":"GEN_2","url":"https://southamerica-east1-agenda-beleza-75106.cloudfunctions.net/avaliarAgendamento","satisfiesPzs":true,"createTime":"2026-05-13T18:17:01.384182566Z","satisfiesPzi":true},{"name":"projects/agenda-beleza-75106/locations/southamerica-east1/functions/solicitarSelo","buildConfig":{"build":"projects/1043439367326/locations/southamerica-east1/builds/ecf8f9be-2c9d-4e67-94bf-49cc57f0e939","runtime":"nodejs22","entryPoint":"solicitarSelo","source":{"storageSource":{"bucket":"gcf-v2-sources-1043439367326-southamerica-east1","object":"solicitarSelo/function-source.zip","generation":"1778774875300078"}},"environmentVariables":{"GOOGLE_NODE_RUN_SCRIPTS":""},"dockerRepository":"projects/agenda-beleza-75106/locations/southamerica-east1/repositories/gcf-artifacts","sourceProvenance":{"resolvedStorageSource":{"bucket":"gcf-v2-sources-1043439367326-southamerica-east1","object":"solicitarSelo/function-source.zip","generation":"1778774875300078"}},"dockerRegistry":"ARTIFACT_REGISTRY","serviceAccount":"projects/agenda-beleza-75106/serviceAccounts/1043439367326-compute@developer.gserviceaccount.com","automaticUpdatePolicy":{}},"serviceConfig":{"service":"projects/agenda-beleza-75106/locations/southamerica-east1/services/solicitarselo","timeoutSeconds":60,"environmentVariables":{"FIREBASE_CONFIG":"{\"projectId\":\"agenda-beleza-75106\",\"storageBucket\":\"agenda-beleza-75106.firebasestorage.app\"}","GCLOUD_PROJECT":"agenda-beleza-75106","EVENTARC_CLOUD_EVENT_SOURCE":"projects/agenda-beleza-75106/locations/southamerica-east1/services/solicitarSelo","FUNCTION_TARGET":"solicitarSelo","LOG_EXECUTION_ID":"true","FUNCTION_SIGNATURE_TYPE":"http"},"maxInstanceCount":20,"ingressSettings":"ALLOW_ALL","uri":"https://solicitarselo-eoqa32y7ca-rj.a.run.app","serviceAccountEmail":"1043439367326-compute@developer.gserviceaccount.com","availableMemory":"256Mi","allTrafficOnLatestRevision":true,"revision":"solicitarselo-00006-deh","maxInstanceRequestConcurrency":80,"availableCpu":"1"},"state":"ACTIVE","updateTime":"2026-05-14T16:08:05.860945232Z","labels":{"deployment-tool":"cli-firebase","deployment-callable":"true","firebase-functions-hash":"f122ff82d0ee10b0b9f9419a1823a9225d0afcc6"},"environment":"GEN_2","url":"https://southamerica-east1-agenda-beleza-75106.cloudfunctions.net/solicitarSelo","satisfiesPzs":true,"createTime":"2026-05-13T14:20:23.047476597Z","satisfiesPzi":true},{"name":"projects/agenda-beleza-75106/locations/southamerica-east1/functions/criarUsuario","buildConfig":{"build":"projects/1043439367326/locations/southamerica-east1/builds/ecf8f9be-2c9d-4e67-94bf-49cc57f0e939","runtime":"nodejs22","entryPoint":"criarUsuario","source":{"storageSource":{"bucket":"gcf-v2-sources-1043439367326-southamerica-east1","object":"criarUsuario/function-source.zip","generation":"1778774823237512"}},"environmentVariables":{"GOOGLE_NODE_RUN_SCRIPTS":""},"dockerRepository":"projects/agenda-beleza-75106/locations/southamerica-east1/repositories/gcf-artifacts","sourceProvenance":{"resolvedStorageSource":{"bucket":"gcf-v2-sources-1043439367326-southamerica-east1","object":"criarUsuario/function-source.zip","generation":"1778774823237512"}},"dockerRegistry":"ARTIFACT_REGISTRY","serviceAccount":"projects/agenda-beleza-75106/serviceAccounts/1043439367326-compute@developer.gserviceaccount.com","automaticUpdatePolicy":{}},"serviceConfig":{"service":"projects/agenda-beleza-75106/locations/southamerica-east1/services/criarusuario","timeoutSeconds":60,"environmentVariables":{"FIREBASE_CONFIG":"{\"projectId\":\"agenda-beleza-75106\",\"storageBucket\":\"agenda-beleza-75106.firebasestorage.app\"}","GCLOUD_PROJECT":"agenda-beleza-75106","EVENTARC_CLOUD_EVENT_SOURCE":"projects/agenda-beleza-75106/locations/southamerica-east1/services/criarUsuario","FUNCTION_TARGET":"criarUsuario","LOG_EXECUTION_ID":"true","FUNCTION_SIGNATURE_TYPE":"http"},"maxInstanceCount":20,"ingressSettings":"ALLOW_ALL","uri":"https://criarusuario-eoqa32y7ca-rj.a.run.app","serviceAccountEmail":"1043439367326-compute@developer.gserviceaccount.com","availableMemory":"256Mi","allTrafficOnLatestRevision":true,"revision":"criarusuario-00037-wef","maxInstanceRequestConcurrency":80,"availableCpu":"1"},"state":"ACTIVE","updateTime":"2026-05-14T16:08:02.718357314Z","labels":{"deployment-tool":"cli-firebase","deployment-callable":"true","firebase-functions-hash":"f122ff82d0ee10b0b9f9419a1823a9225d0afcc6"},"environment":"GEN_2","url":"https://southamerica-east1-agenda-beleza-75106.cloudfunctions.net/criarUsuario","satisfiesPzs":true,"createTime":"2026-04-18T18:19:58.334800815Z","satisfiesPzi":true},{"name":"projects/agenda-beleza-75106/locations/southamerica-east1/functions/criarAssinaturaCartao","buildConfig":{"build":"projects/1043439367326/locations/southamerica-east1/builds/ecf8f9be-2c9d-4e67-94bf-49cc57f0e939","runtime":"nodejs22","entryPoint":"criarAssinaturaCartao","source":{"storageSource":{"bucket":"gcf-v2-sources-1043439367326-southamerica-east1","object":"criarAssinaturaCartao/function-source.zip","generation":"1778774875195290"}},"environmentVariables":{"GOOGLE_NODE_RUN_SCRIPTS":""},"dockerRepository":"projects/agenda-beleza-75106/locations/southamerica-east1/repositories/gcf-artifacts","sourceProvenance":{"resolvedStorageSource":{"bucket":"gcf-v2-sources-1043439367326-southamerica-east1","object":"criarAssinaturaCartao/function-source.zip","generation":"1778774875195290"}},"dockerRegistry":"ARTIFACT_REGISTRY","serviceAccount":"projects/agenda-beleza-75106/serviceAccounts/1043439367326-compute@developer.gserviceaccount.com","automaticUpdatePolicy":{}},"serviceConfig":{"service":"projects/agenda-beleza-75106/locations/southamerica-east1/services/criarassinaturacartao","timeoutSeconds":60,"environmentVariables":{"FIREBASE_CONFIG":"{\"projectId\":\"agenda-beleza-75106\",\"storageBucket\":\"agenda-beleza-75106.firebasestorage.app\"}","GCLOUD_PROJECT":"agenda-beleza-75106","EVENTARC_CLOUD_EVENT_SOURCE":"projects/agenda-beleza-75106/locations/southamerica-east1/services/criarAssinaturaCartao","FUNCTION_TARGET":"criarAssinaturaCartao","LOG_EXECUTION_ID":"true","FUNCTION_SIGNATURE_TYPE":"http"},"maxInstanceCount":20,"ingressSettings":"ALLOW_ALL","uri":"https://criarassinaturacartao-eoqa32y7ca-rj.a.run.app","serviceAccountEmail":"1043439367326-compute@developer.gserviceaccount.com","availableMemory":"256Mi","allTrafficOnLatestRevision":true,"secretEnvironmentVariables":[{"key":"MP_ACCESS_TOKEN","projectId":"agenda-beleza-75106","secret":"MP_ACCESS_TOKEN","version":"7"}],"revision":"criarassinaturacartao-00017-quf","maxInstanceRequestConcurrency":80,"availableCpu":"1"},"state":"ACTIVE","updateTime":"2026-05-14T16:08:05.979912402Z","labels":{"deployment-tool":"cli-firebase","deployment-callable":"true","firebase-functions-hash":"d9398a4580f4ffd4433db380f7ce0ce0f707877d"},"environment":"GEN_2","url":"https://southamerica-east1-agenda-beleza-75106.cloudfunctions.net/criarAssinaturaCartao","satisfiesPzs":true,"createTime":"2026-05-11T14:39:42.479856090Z","satisfiesPzi":true},{"name":"projects/agenda-beleza-75106/locations/southamerica-east1/functions/salvarEstabelecimento","buildConfig":{"build":"projects/1043439367326/locations/southamerica-east1/builds/ecf8f9be-2c9d-4e67-94bf-49cc57f0e939","runtime":"nodejs22","entryPoint":"salvarEstabelecimento","source":{"storageSource":{"bucket":"gcf-v2-sources-1043439367326-southamerica-east1","object":"salvarEstabelecimento/function-source.zip","generation":"1778774874926604"}},"environmentVariables":{"GOOGLE_NODE_RUN_SCRIPTS":""},"dockerRepository":"projects/agenda-beleza-75106/locations/southamerica-east1/repositories/gcf-artifacts","sourceProvenance":{"resolvedStorageSource":{"bucket":"gcf-v2-sources-1043439367326-southamerica-east1","object":"salvarEstabelecimento/function-source.zip","generation":"1778774874926604"}},"dockerRegistry":"ARTIFACT_REGISTRY","serviceAccount":"projects/agenda-beleza-75106/serviceAccounts/1043439367326-compute@developer.gserviceaccount.com","automaticUpdatePolicy":{}},"serviceConfig":{"service":"projects/agenda-beleza-75106/locations/southamerica-east1/services/salvarestabelecimento","timeoutSeconds":60,"environmentVariables":{"FIREBASE_CONFIG":"{\"projectId\":\"agenda-beleza-75106\",\"storageBucket\":\"agenda-beleza-75106.firebasestorage.app\"}","GCLOUD_PROJECT":"agenda-beleza-75106","EVENTARC_CLOUD_EVENT_SOURCE":"projects/agenda-beleza-75106/locations/southamerica-east1/services/salvarEstabelecimento","FUNCTION_TARGET":"salvarEstabelecimento","LOG_EXECUTION_ID":"true","FUNCTION_SIGNATURE_TYPE":"http"},"maxInstanceCount":20,"ingressSettings":"ALLOW_ALL","uri":"https://salvarestabelecimento-eoqa32y7ca-rj.a.run.app","serviceAccountEmail":"1043439367326-compute@developer.gserviceaccount.com","availableMemory":"256Mi","allTrafficOnLatestRevision":true,"revision":"salvarestabelecimento-00052-mek","maxInstanceRequestConcurrency":80,"availableCpu":"1"},"state":"ACTIVE","updateTime":"2026-05-14T16:08:05.814752731Z","labels":{"deployment-callable":"true","firebase-functions-hash":"f122ff82d0ee10b0b9f9419a1823a9225d0afcc6","deployment-tool":"cli-firebase"},"environment":"GEN_2","url":"https://southamerica-east1-agenda-beleza-75106.cloudfunctions.net/salvarEstabelecimento","satisfiesPzs":true,"createTime":"2026-04-03T21:44:46.666086422Z","satisfiesPzi":true}]}
[debug] [2026-05-14T16:11:26.252Z] Checked if tokens are valid: true, expires at: 1778778323079
[debug] [2026-05-14T16:11:26.252Z] Checked if tokens are valid: true, expires at: 1778778323079
[debug] [2026-05-14T16:11:26.252Z] >>> [apiv2][query] GET https://firestore.googleapis.com/v1/projects/agenda-beleza-75106/databases/(default) [none]
[debug] [2026-05-14T16:11:26.565Z] <<< [apiv2][status] GET https://firestore.googleapis.com/v1/projects/agenda-beleza-75106/databases/(default) 200
[debug] [2026-05-14T16:11:26.565Z] <<< [apiv2][body] GET https://firestore.googleapis.com/v1/projects/agenda-beleza-75106/databases/(default) {"name":"projects/agenda-beleza-75106/databases/(default)","uid":"be03cf0c-1924-4f6f-8c76-d60ce1b3f745","createTime":"2026-03-11T19:20:49.539053Z","updateTime":"2026-03-11T19:20:49.539053Z","locationId":"southamerica-east1","type":"FIRESTORE_NATIVE","concurrencyMode":"PESSIMISTIC","versionRetentionPeriod":"3600s","earliestVersionTime":"2026-05-14T15:11:26.268023Z","appEngineIntegrationMode":"DISABLED","keyPrefix":"i","pointInTimeRecoveryEnablement":"POINT_IN_TIME_RECOVERY_DISABLED","deleteProtectionState":"DELETE_PROTECTION_DISABLED","databaseEdition":"STANDARD","freeTier":true,"realtimeUpdatesMode":"REALTIME_UPDATES_MODE_ENABLED","etag":"IO73m8mVuZQDMIbi29DImJMD"}
[info] i  functions: ensuring required API cloudscheduler.googleapis.com is enabled... 
[info] i  functions: ensuring required API run.googleapis.com is enabled... 
[info] i  functions: ensuring required API eventarc.googleapis.com is enabled... 
[info] i  functions: ensuring required API pubsub.googleapis.com is enabled... 
[info] i  functions: ensuring required API storage.googleapis.com is enabled... 
[info] i  functions: generating the service identity for pubsub.googleapis.com... 
[debug] [2026-05-14T16:11:26.577Z] Checked if tokens are valid: true, expires at: 1778778323079
[debug] [2026-05-14T16:11:26.577Z] Checked if tokens are valid: true, expires at: 1778778323079
[info] i  functions: generating the service identity for eventarc.googleapis.com... 
[debug] [2026-05-14T16:11:26.577Z] Checked if tokens are valid: true, expires at: 1778778323079
[debug] [2026-05-14T16:11:26.577Z] Checked if tokens are valid: true, expires at: 1778778323079
[debug] [2026-05-14T16:11:26.578Z] >>> [apiv2][query] POST https://serviceusage.googleapis.com/v1beta1/projects/1043439367326/services/pubsub.googleapis.com:generateServiceIdentity [none]
[debug] [2026-05-14T16:11:26.578Z] >>> [apiv2][(partial)header] POST https://serviceusage.googleapis.com/v1beta1/projects/1043439367326/services/pubsub.googleapis.com:generateServiceIdentity  x-goog-user-project=1043439367326
[debug] [2026-05-14T16:11:26.578Z] >>> [apiv2][body] POST https://serviceusage.googleapis.com/v1beta1/projects/1043439367326/services/pubsub.googleapis.com:generateServiceIdentity {}
[debug] [2026-05-14T16:11:26.579Z] >>> [apiv2][query] POST https://serviceusage.googleapis.com/v1beta1/projects/1043439367326/services/eventarc.googleapis.com:generateServiceIdentity [none]
[debug] [2026-05-14T16:11:26.580Z] >>> [apiv2][(partial)header] POST https://serviceusage.googleapis.com/v1beta1/projects/1043439367326/services/eventarc.googleapis.com:generateServiceIdentity  x-goog-user-project=1043439367326
[debug] [2026-05-14T16:11:26.580Z] >>> [apiv2][body] POST https://serviceusage.googleapis.com/v1beta1/projects/1043439367326/services/eventarc.googleapis.com:generateServiceIdentity {}
[debug] [2026-05-14T16:11:27.698Z] <<< [apiv2][status] POST https://serviceusage.googleapis.com/v1beta1/projects/1043439367326/services/pubsub.googleapis.com:generateServiceIdentity 200
[debug] [2026-05-14T16:11:27.699Z] <<< [apiv2][body] POST https://serviceusage.googleapis.com/v1beta1/projects/1043439367326/services/pubsub.googleapis.com:generateServiceIdentity {"name":"operations/finished.DONE_OPERATION","done":true,"response":{"@type":"type.googleapis.com/google.api.serviceusage.v1beta1.ServiceIdentity","email":"service-1043439367326@gcp-sa-pubsub.iam.gserviceaccount.com","uniqueId":"107735333020507729461"}}
[debug] [2026-05-14T16:11:27.708Z] <<< [apiv2][status] POST https://serviceusage.googleapis.com/v1beta1/projects/1043439367326/services/eventarc.googleapis.com:generateServiceIdentity 200
[debug] [2026-05-14T16:11:27.708Z] <<< [apiv2][body] POST https://serviceusage.googleapis.com/v1beta1/projects/1043439367326/services/eventarc.googleapis.com:generateServiceIdentity {"name":"operations/finished.DONE_OPERATION","done":true,"response":{"@type":"type.googleapis.com/google.api.serviceusage.v1beta1.ServiceIdentity","email":"service-1043439367326@gcp-sa-eventarc.iam.gserviceaccount.com","uniqueId":"108018103513582972170"}}
[info] i  functions: ensuring required API secretmanager.googleapis.com is enabled... 
[debug] [2026-05-14T16:11:27.714Z] Checked if tokens are valid: true, expires at: 1778778323079
[debug] [2026-05-14T16:11:27.714Z] Checked if tokens are valid: true, expires at: 1778778323079
[debug] [2026-05-14T16:11:27.714Z] Checked if tokens are valid: true, expires at: 1778778323079
[debug] [2026-05-14T16:11:27.714Z] Checked if tokens are valid: true, expires at: 1778778323079
[debug] [2026-05-14T16:11:27.715Z] >>> [apiv2][query] GET https://secretmanager.googleapis.com/v1/projects/agenda-beleza-75106/secrets/MP_ACCESS_TOKEN/versions/latest [none]
[debug] [2026-05-14T16:11:27.718Z] >>> [apiv2][query] GET https://secretmanager.googleapis.com/v1/projects/agenda-beleza-75106/secrets/MP_WEBHOOK_SECRET/versions/latest [none]
[debug] [2026-05-14T16:11:28.403Z] <<< [apiv2][status] GET https://secretmanager.googleapis.com/v1/projects/agenda-beleza-75106/secrets/MP_WEBHOOK_SECRET/versions/latest 200
[debug] [2026-05-14T16:11:28.403Z] <<< [apiv2][body] GET https://secretmanager.googleapis.com/v1/projects/agenda-beleza-75106/secrets/MP_WEBHOOK_SECRET/versions/latest {"name":"projects/1043439367326/secrets/MP_WEBHOOK_SECRET/versions/3","createTime":"2026-04-23T19:53:27.462376Z","state":"ENABLED","replicationStatus":{"automatic":{}},"etag":"\"165026007d69e8\""}
[debug] [2026-05-14T16:11:28.403Z] Resolved secret version of MP_WEBHOOK_SECRET to 3.
[debug] [2026-05-14T16:11:28.404Z] <<< [apiv2][status] GET https://secretmanager.googleapis.com/v1/projects/agenda-beleza-75106/secrets/MP_ACCESS_TOKEN/versions/latest 200
[debug] [2026-05-14T16:11:28.404Z] <<< [apiv2][body] GET https://secretmanager.googleapis.com/v1/projects/agenda-beleza-75106/secrets/MP_ACCESS_TOKEN/versions/latest {"name":"projects/1043439367326/secrets/MP_ACCESS_TOKEN/versions/7","createTime":"2026-05-12T13:08:35.006692Z","state":"ENABLED","replicationStatus":{"automatic":{}},"etag":"\"16519e8f8814e4\""}
[debug] [2026-05-14T16:11:28.404Z] Resolved secret version of MP_ACCESS_TOKEN to 7.
[debug] [2026-05-14T16:11:28.405Z] Checked if tokens are valid: true, expires at: 1778778323079
[debug] [2026-05-14T16:11:28.405Z] Checked if tokens are valid: true, expires at: 1778778323079
[debug] [2026-05-14T16:11:28.405Z] >>> [apiv2][query] GET https://cloudresourcemanager.googleapis.com/v1/projects/agenda-beleza-75106 [none]
[debug] [2026-05-14T16:11:29.524Z] <<< [apiv2][status] GET https://cloudresourcemanager.googleapis.com/v1/projects/agenda-beleza-75106 200
[debug] [2026-05-14T16:11:29.524Z] <<< [apiv2][body] GET https://cloudresourcemanager.googleapis.com/v1/projects/agenda-beleza-75106 {"projectNumber":"1043439367326","projectId":"agenda-beleza-75106","lifecycleState":"ACTIVE","name":"estetica-app","labels":{"firebase":"enabled","firebase-core":"disabled"},"createTime":"2025-12-15T19:43:35.130434Z"}
[debug] [2026-05-14T16:11:29.525Z] Checked if tokens are valid: true, expires at: 1778778323079
[debug] [2026-05-14T16:11:29.525Z] Checked if tokens are valid: true, expires at: 1778778323079
[debug] [2026-05-14T16:11:29.525Z] >>> [apiv2][query] GET https://compute.googleapis.com/compute/v1/projects/1043439367326 [none]
[debug] [2026-05-14T16:11:30.020Z] <<< [apiv2][status] GET https://compute.googleapis.com/compute/v1/projects/1043439367326 403
[debug] [2026-05-14T16:11:30.020Z] <<< [apiv2][body] GET https://compute.googleapis.com/compute/v1/projects/1043439367326 {"error":{"code":403,"message":"Compute Engine API has not been used in project 1043439367326 before or it is disabled. Enable it by visiting https://console.developers.google.com/apis/api/compute.googleapis.com/overview?project=1043439367326 then retry. If you enabled this API recently, wait a few minutes for the action to propagate to our systems and retry.","errors":[{"message":"Compute Engine API has not been used in project 1043439367326 before or it is disabled. Enable it by visiting https://console.developers.google.com/apis/api/compute.googleapis.com/overview?project=1043439367326 then retry. If you enabled this API recently, wait a few minutes for the action to propagate to our systems and retry.","domain":"usageLimits","reason":"accessNotConfigured","extendedHelp":"https://console.developers.google.com"}],"status":"PERMISSION_DENIED","details":[{"@type":"type.googleapis.com/google.rpc.ErrorInfo","reason":"SERVICE_DISABLED","domain":"googleapis.com","metadata":{"activationUrl":"https://console.developers.google.com/apis/api/compute.googleapis.com/overview?project=1043439367326","containerInfo":"1043439367326","service":"compute.googleapis.com","consumer":"projects/1043439367326","serviceTitle":"Compute Engine API"}},{"@type":"type.googleapis.com/google.rpc.LocalizedMessage","locale":"en-US","message":"Compute Engine API has not been used in project 1043439367326 before or it is disabled. Enable it by visiting https://console.developers.google.com/apis/api/compute.googleapis.com/overview?project=1043439367326 then retry. If you enabled this API recently, wait a few minutes for the action to propagate to our systems and retry."},{"@type":"type.googleapis.com/google.rpc.Help","links":[{"description":"Google developers console API activation","url":"https://console.developers.google.com/apis/api/compute.googleapis.com/overview?project=1043439367326"}]}]}}
[debug] [2026-05-14T16:11:30.022Z] unable to look up default compute service account. Falling back to 1043439367326-compute@developer.gserviceaccount.com. Error: {"name":"FirebaseError","children":[],"context":{"body":{"error":{"code":403,"message":"Compute Engine API has not been used in project 1043439367326 before or it is disabled. Enable it by visiting https://console.developers.google.com/apis/api/compute.googleapis.com/overview?project=1043439367326 then retry. If you enabled this API recently, wait a few minutes for the action to propagate to our systems and retry.","errors":[{"message":"Compute Engine API has not been used in project 1043439367326 before or it is disabled. Enable it by visiting https://console.developers.google.com/apis/api/compute.googleapis.com/overview?project=1043439367326 then retry. If you enabled this API recently, wait a few minutes for the action to propagate to our systems and retry.","domain":"usageLimits","reason":"accessNotConfigured","extendedHelp":"https://console.developers.google.com"}],"status":"PERMISSION_DENIED","details":[{"@type":"type.googleapis.com/google.rpc.ErrorInfo","reason":"SERVICE_DISABLED","domain":"googleapis.com","metadata":{"activationUrl":"https://console.developers.google.com/apis/api/compute.googleapis.com/overview?project=1043439367326","containerInfo":"1043439367326","service":"compute.googleapis.com","consumer":"projects/1043439367326","serviceTitle":"Compute Engine API"}},{"@type":"type.googleapis.com/google.rpc.LocalizedMessage","locale":"en-US","message":"Compute Engine API has not been used in project 1043439367326 before or it is disabled. Enable it by visiting https://console.developers.google.com/apis/api/compute.googleapis.com/overview?project=1043439367326 then retry. If you enabled this API recently, wait a few minutes for the action to propagate to our systems and retry."},{"@type":"type.googleapis.com/google.rpc.Help","links":[{"description":"Google developers console API activation","url":"https://console.developers.google.com/apis/api/compute.googleapis.com/overview?project=1043439367326"}]}]}},"response":{"statusCode":403}},"exit":1,"message":"Request to https://compute.googleapis.com/compute/v1/projects/1043439367326 had HTTP Error: 403, Compute Engine API has not been used in project 1043439367326 before or it is disabled. Enable it by visiting https://console.developers.google.com/apis/api/compute.googleapis.com/overview?project=1043439367326 then retry. If you enabled this API recently, wait a few minutes for the action to propagate to our systems and retry.","status":403}
[debug] [2026-05-14T16:11:30.022Z] Checked if tokens are valid: true, expires at: 1778778323079
[debug] [2026-05-14T16:11:30.022Z] Checked if tokens are valid: true, expires at: 1778778323079
[debug] [2026-05-14T16:11:30.022Z] >>> [apiv2][query] GET https://compute.googleapis.com/compute/v1/projects/1043439367326 [none]
[debug] [2026-05-14T16:11:30.360Z] <<< [apiv2][status] GET https://compute.googleapis.com/compute/v1/projects/1043439367326 403
[debug] [2026-05-14T16:11:30.360Z] <<< [apiv2][body] GET https://compute.googleapis.com/compute/v1/projects/1043439367326 {"error":{"code":403,"message":"Compute Engine API has not been used in project 1043439367326 before or it is disabled. Enable it by visiting https://console.developers.google.com/apis/api/compute.googleapis.com/overview?project=1043439367326 then retry. If you enabled this API recently, wait a few minutes for the action to propagate to our systems and retry.","errors":[{"message":"Compute Engine API has not been used in project 1043439367326 before or it is disabled. Enable it by visiting https://console.developers.google.com/apis/api/compute.googleapis.com/overview?project=1043439367326 then retry. If you enabled this API recently, wait a few minutes for the action to propagate to our systems and retry.","domain":"usageLimits","reason":"accessNotConfigured","extendedHelp":"https://console.developers.google.com"}],"status":"PERMISSION_DENIED","details":[{"@type":"type.googleapis.com/google.rpc.ErrorInfo","reason":"SERVICE_DISABLED","domain":"googleapis.com","metadata":{"service":"compute.googleapis.com","serviceTitle":"Compute Engine API","containerInfo":"1043439367326","activationUrl":"https://console.developers.google.com/apis/api/compute.googleapis.com/overview?project=1043439367326","consumer":"projects/1043439367326"}},{"@type":"type.googleapis.com/google.rpc.LocalizedMessage","locale":"en-US","message":"Compute Engine API has not been used in project 1043439367326 before or it is disabled. Enable it by visiting https://console.developers.google.com/apis/api/compute.googleapis.com/overview?project=1043439367326 then retry. If you enabled this API recently, wait a few minutes for the action to propagate to our systems and retry."},{"@type":"type.googleapis.com/google.rpc.Help","links":[{"description":"Google developers console API activation","url":"https://console.developers.google.com/apis/api/compute.googleapis.com/overview?project=1043439367326"}]}]}}
[debug] [2026-05-14T16:11:30.360Z] unable to look up default compute service account. Falling back to 1043439367326-compute@developer.gserviceaccount.com. Error: {"name":"FirebaseError","children":[],"context":{"body":{"error":{"code":403,"message":"Compute Engine API has not been used in project 1043439367326 before or it is disabled. Enable it by visiting https://console.developers.google.com/apis/api/compute.googleapis.com/overview?project=1043439367326 then retry. If you enabled this API recently, wait a few minutes for the action to propagate to our systems and retry.","errors":[{"message":"Compute Engine API has not been used in project 1043439367326 before or it is disabled. Enable it by visiting https://console.developers.google.com/apis/api/compute.googleapis.com/overview?project=1043439367326 then retry. If you enabled this API recently, wait a few minutes for the action to propagate to our systems and retry.","domain":"usageLimits","reason":"accessNotConfigured","extendedHelp":"https://console.developers.google.com"}],"status":"PERMISSION_DENIED","details":[{"@type":"type.googleapis.com/google.rpc.ErrorInfo","reason":"SERVICE_DISABLED","domain":"googleapis.com","metadata":{"service":"compute.googleapis.com","serviceTitle":"Compute Engine API","containerInfo":"1043439367326","activationUrl":"https://console.developers.google.com/apis/api/compute.googleapis.com/overview?project=1043439367326","consumer":"projects/1043439367326"}},{"@type":"type.googleapis.com/google.rpc.LocalizedMessage","locale":"en-US","message":"Compute Engine API has not been used in project 1043439367326 before or it is disabled. Enable it by visiting https://console.developers.google.com/apis/api/compute.googleapis.com/overview?project=1043439367326 then retry. If you enabled this API recently, wait a few minutes for the action to propagate to our systems and retry."},{"@type":"type.googleapis.com/google.rpc.Help","links":[{"description":"Google developers console API activation","url":"https://console.developers.google.com/apis/api/compute.googleapis.com/overview?project=1043439367326"}]}]}},"response":{"statusCode":403}},"exit":1,"message":"Request to https://compute.googleapis.com/compute/v1/projects/1043439367326 had HTTP Error: 403, Compute Engine API has not been used in project 1043439367326 before or it is disabled. Enable it by visiting https://console.developers.google.com/apis/api/compute.googleapis.com/overview?project=1043439367326 then retry. If you enabled this API recently, wait a few minutes for the action to propagate to our systems and retry.","status":403}
[debug] [2026-05-14T16:11:30.360Z] Checked if tokens are valid: true, expires at: 1778778323079
[debug] [2026-05-14T16:11:30.361Z] Checked if tokens are valid: true, expires at: 1778778323079
[debug] [2026-05-14T16:11:30.361Z] >>> [apiv2][query] GET https://compute.googleapis.com/compute/v1/projects/1043439367326 [none]
[debug] [2026-05-14T16:11:31.532Z] <<< [apiv2][status] GET https://compute.googleapis.com/compute/v1/projects/1043439367326 403
[debug] [2026-05-14T16:11:31.532Z] <<< [apiv2][body] GET https://compute.googleapis.com/compute/v1/projects/1043439367326 {"error":{"code":403,"message":"Compute Engine API has not been used in project 1043439367326 before or it is disabled. Enable it by visiting https://console.developers.google.com/apis/api/compute.googleapis.com/overview?project=1043439367326 then retry. If you enabled this API recently, wait a few minutes for the action to propagate to our systems and retry.","errors":[{"message":"Compute Engine API has not been used in project 1043439367326 before or it is disabled. Enable it by visiting https://console.developers.google.com/apis/api/compute.googleapis.com/overview?project=1043439367326 then retry. If you enabled this API recently, wait a few minutes for the action to propagate to our systems and retry.","domain":"usageLimits","reason":"accessNotConfigured","extendedHelp":"https://console.developers.google.com"}],"status":"PERMISSION_DENIED","details":[{"@type":"type.googleapis.com/google.rpc.ErrorInfo","reason":"SERVICE_DISABLED","domain":"googleapis.com","metadata":{"consumer":"projects/1043439367326","serviceTitle":"Compute Engine API","containerInfo":"1043439367326","service":"compute.googleapis.com","activationUrl":"https://console.developers.google.com/apis/api/compute.googleapis.com/overview?project=1043439367326"}},{"@type":"type.googleapis.com/google.rpc.LocalizedMessage","locale":"en-US","message":"Compute Engine API has not been used in project 1043439367326 before or it is disabled. Enable it by visiting https://console.developers.google.com/apis/api/compute.googleapis.com/overview?project=1043439367326 then retry. If you enabled this API recently, wait a few minutes for the action to propagate to our systems and retry."},{"@type":"type.googleapis.com/google.rpc.Help","links":[{"description":"Google developers console API activation","url":"https://console.developers.google.com/apis/api/compute.googleapis.com/overview?project=1043439367326"}]}]}}
[debug] [2026-05-14T16:11:31.533Z] unable to look up default compute service account. Falling back to 1043439367326-compute@developer.gserviceaccount.com. Error: {"name":"FirebaseError","children":[],"context":{"body":{"error":{"code":403,"message":"Compute Engine API has not been used in project 1043439367326 before or it is disabled. Enable it by visiting https://console.developers.google.com/apis/api/compute.googleapis.com/overview?project=1043439367326 then retry. If you enabled this API recently, wait a few minutes for the action to propagate to our systems and retry.","errors":[{"message":"Compute Engine API has not been used in project 1043439367326 before or it is disabled. Enable it by visiting https://console.developers.google.com/apis/api/compute.googleapis.com/overview?project=1043439367326 then retry. If you enabled this API recently, wait a few minutes for the action to propagate to our systems and retry.","domain":"usageLimits","reason":"accessNotConfigured","extendedHelp":"https://console.developers.google.com"}],"status":"PERMISSION_DENIED","details":[{"@type":"type.googleapis.com/google.rpc.ErrorInfo","reason":"SERVICE_DISABLED","domain":"googleapis.com","metadata":{"consumer":"projects/1043439367326","serviceTitle":"Compute Engine API","containerInfo":"1043439367326","service":"compute.googleapis.com","activationUrl":"https://console.developers.google.com/apis/api/compute.googleapis.com/overview?project=1043439367326"}},{"@type":"type.googleapis.com/google.rpc.LocalizedMessage","locale":"en-US","message":"Compute Engine API has not been used in project 1043439367326 before or it is disabled. Enable it by visiting https://console.developers.google.com/apis/api/compute.googleapis.com/overview?project=1043439367326 then retry. If you enabled this API recently, wait a few minutes for the action to propagate to our systems and retry."},{"@type":"type.googleapis.com/google.rpc.Help","links":[{"description":"Google developers console API activation","url":"https://console.developers.google.com/apis/api/compute.googleapis.com/overview?project=1043439367326"}]}]}},"response":{"statusCode":403}},"exit":1,"message":"Request to https://compute.googleapis.com/compute/v1/projects/1043439367326 had HTTP Error: 403, Compute Engine API has not been used in project 1043439367326 before or it is disabled. Enable it by visiting https://console.developers.google.com/apis/api/compute.googleapis.com/overview?project=1043439367326 then retry. If you enabled this API recently, wait a few minutes for the action to propagate to our systems and retry.","status":403}
[debug] [2026-05-14T16:11:31.533Z] Checked if tokens are valid: true, expires at: 1778778323079
[debug] [2026-05-14T16:11:31.533Z] Checked if tokens are valid: true, expires at: 1778778323079
[debug] [2026-05-14T16:11:31.533Z] >>> [apiv2][query] GET https://compute.googleapis.com/compute/v1/projects/1043439367326 [none]
[debug] [2026-05-14T16:11:31.814Z] <<< [apiv2][status] GET https://compute.googleapis.com/compute/v1/projects/1043439367326 403
[debug] [2026-05-14T16:11:31.814Z] <<< [apiv2][body] GET https://compute.googleapis.com/compute/v1/projects/1043439367326 {"error":{"code":403,"message":"Compute Engine API has not been used in project 1043439367326 before or it is disabled. Enable it by visiting https://console.developers.google.com/apis/api/compute.googleapis.com/overview?project=1043439367326 then retry. If you enabled this API recently, wait a few minutes for the action to propagate to our systems and retry.","errors":[{"message":"Compute Engine API has not been used in project 1043439367326 before or it is disabled. Enable it by visiting https://console.developers.google.com/apis/api/compute.googleapis.com/overview?project=1043439367326 then retry. If you enabled this API recently, wait a few minutes for the action to propagate to our systems and retry.","domain":"usageLimits","reason":"accessNotConfigured","extendedHelp":"https://console.developers.google.com"}],"status":"PERMISSION_DENIED","details":[{"@type":"type.googleapis.com/google.rpc.ErrorInfo","reason":"SERVICE_DISABLED","domain":"googleapis.com","metadata":{"consumer":"projects/1043439367326","containerInfo":"1043439367326","activationUrl":"https://console.developers.google.com/apis/api/compute.googleapis.com/overview?project=1043439367326","service":"compute.googleapis.com","serviceTitle":"Compute Engine API"}},{"@type":"type.googleapis.com/google.rpc.LocalizedMessage","locale":"en-US","message":"Compute Engine API has not been used in project 1043439367326 before or it is disabled. Enable it by visiting https://console.developers.google.com/apis/api/compute.googleapis.com/overview?project=1043439367326 then retry. If you enabled this API recently, wait a few minutes for the action to propagate to our systems and retry."},{"@type":"type.googleapis.com/google.rpc.Help","links":[{"description":"Google developers console API activation","url":"https://console.developers.google.com/apis/api/compute.googleapis.com/overview?project=1043439367326"}]}]}}
[debug] [2026-05-14T16:11:31.814Z] unable to look up default compute service account. Falling back to 1043439367326-compute@developer.gserviceaccount.com. Error: {"name":"FirebaseError","children":[],"context":{"body":{"error":{"code":403,"message":"Compute Engine API has not been used in project 1043439367326 before or it is disabled. Enable it by visiting https://console.developers.google.com/apis/api/compute.googleapis.com/overview?project=1043439367326 then retry. If you enabled this API recently, wait a few minutes for the action to propagate to our systems and retry.","errors":[{"message":"Compute Engine API has not been used in project 1043439367326 before or it is disabled. Enable it by visiting https://console.developers.google.com/apis/api/compute.googleapis.com/overview?project=1043439367326 then retry. If you enabled this API recently, wait a few minutes for the action to propagate to our systems and retry.","domain":"usageLimits","reason":"accessNotConfigured","extendedHelp":"https://console.developers.google.com"}],"status":"PERMISSION_DENIED","details":[{"@type":"type.googleapis.com/google.rpc.ErrorInfo","reason":"SERVICE_DISABLED","domain":"googleapis.com","metadata":{"consumer":"projects/1043439367326","containerInfo":"1043439367326","activationUrl":"https://console.developers.google.com/apis/api/compute.googleapis.com/overview?project=1043439367326","service":"compute.googleapis.com","serviceTitle":"Compute Engine API"}},{"@type":"type.googleapis.com/google.rpc.LocalizedMessage","locale":"en-US","message":"Compute Engine API has not been used in project 1043439367326 before or it is disabled. Enable it by visiting https://console.developers.google.com/apis/api/compute.googleapis.com/overview?project=1043439367326 then retry. If you enabled this API recently, wait a few minutes for the action to propagate to our systems and retry."},{"@type":"type.googleapis.com/google.rpc.Help","links":[{"description":"Google developers console API activation","url":"https://console.developers.google.com/apis/api/compute.googleapis.com/overview?project=1043439367326"}]}]}},"response":{"statusCode":403}},"exit":1,"message":"Request to https://compute.googleapis.com/compute/v1/projects/1043439367326 had HTTP Error: 403, Compute Engine API has not been used in project 1043439367326 before or it is disabled. Enable it by visiting https://console.developers.google.com/apis/api/compute.googleapis.com/overview?project=1043439367326 then retry. If you enabled this API recently, wait a few minutes for the action to propagate to our systems and retry.","status":403}
[debug] [2026-05-14T16:11:31.814Z] Checked if tokens are valid: true, expires at: 1778778323079
[debug] [2026-05-14T16:11:31.814Z] Checked if tokens are valid: true, expires at: 1778778323079
[debug] [2026-05-14T16:11:31.814Z] >>> [apiv2][query] GET https://compute.googleapis.com/compute/v1/projects/1043439367326 [none]
[debug] [2026-05-14T16:11:32.819Z] <<< [apiv2][status] GET https://compute.googleapis.com/compute/v1/projects/1043439367326 403
[debug] [2026-05-14T16:11:32.819Z] <<< [apiv2][body] GET https://compute.googleapis.com/compute/v1/projects/1043439367326 {"error":{"code":403,"message":"Compute Engine API has not been used in project 1043439367326 before or it is disabled. Enable it by visiting https://console.developers.google.com/apis/api/compute.googleapis.com/overview?project=1043439367326 then retry. If you enabled this API recently, wait a few minutes for the action to propagate to our systems and retry.","errors":[{"message":"Compute Engine API has not been used in project 1043439367326 before or it is disabled. Enable it by visiting https://console.developers.google.com/apis/api/compute.googleapis.com/overview?project=1043439367326 then retry. If you enabled this API recently, wait a few minutes for the action to propagate to our systems and retry.","domain":"usageLimits","reason":"accessNotConfigured","extendedHelp":"https://console.developers.google.com"}],"status":"PERMISSION_DENIED","details":[{"@type":"type.googleapis.com/google.rpc.ErrorInfo","reason":"SERVICE_DISABLED","domain":"googleapis.com","metadata":{"service":"compute.googleapis.com","consumer":"projects/1043439367326","serviceTitle":"Compute Engine API","containerInfo":"1043439367326","activationUrl":"https://console.developers.google.com/apis/api/compute.googleapis.com/overview?project=1043439367326"}},{"@type":"type.googleapis.com/google.rpc.LocalizedMessage","locale":"en-US","message":"Compute Engine API has not been used in project 1043439367326 before or it is disabled. Enable it by visiting https://console.developers.google.com/apis/api/compute.googleapis.com/overview?project=1043439367326 then retry. If you enabled this API recently, wait a few minutes for the action to propagate to our systems and retry."},{"@type":"type.googleapis.com/google.rpc.Help","links":[{"description":"Google developers console API activation","url":"https://console.developers.google.com/apis/api/compute.googleapis.com/overview?project=1043439367326"}]}]}}
[debug] [2026-05-14T16:11:32.819Z] unable to look up default compute service account. Falling back to 1043439367326-compute@developer.gserviceaccount.com. Error: {"name":"FirebaseError","children":[],"context":{"body":{"error":{"code":403,"message":"Compute Engine API has not been used in project 1043439367326 before or it is disabled. Enable it by visiting https://console.developers.google.com/apis/api/compute.googleapis.com/overview?project=1043439367326 then retry. If you enabled this API recently, wait a few minutes for the action to propagate to our systems and retry.","errors":[{"message":"Compute Engine API has not been used in project 1043439367326 before or it is disabled. Enable it by visiting https://console.developers.google.com/apis/api/compute.googleapis.com/overview?project=1043439367326 then retry. If you enabled this API recently, wait a few minutes for the action to propagate to our systems and retry.","domain":"usageLimits","reason":"accessNotConfigured","extendedHelp":"https://console.developers.google.com"}],"status":"PERMISSION_DENIED","details":[{"@type":"type.googleapis.com/google.rpc.ErrorInfo","reason":"SERVICE_DISABLED","domain":"googleapis.com","metadata":{"service":"compute.googleapis.com","consumer":"projects/1043439367326","serviceTitle":"Compute Engine API","containerInfo":"1043439367326","activationUrl":"https://console.developers.google.com/apis/api/compute.googleapis.com/overview?project=1043439367326"}},{"@type":"type.googleapis.com/google.rpc.LocalizedMessage","locale":"en-US","message":"Compute Engine API has not been used in project 1043439367326 before or it is disabled. Enable it by visiting https://console.developers.google.com/apis/api/compute.googleapis.com/overview?project=1043439367326 then retry. If you enabled this API recently, wait a few minutes for the action to propagate to our systems and retry."},{"@type":"type.googleapis.com/google.rpc.Help","links":[{"description":"Google developers console API activation","url":"https://console.developers.google.com/apis/api/compute.googleapis.com/overview?project=1043439367326"}]}]}},"response":{"statusCode":403}},"exit":1,"message":"Request to https://compute.googleapis.com/compute/v1/projects/1043439367326 had HTTP Error: 403, Compute Engine API has not been used in project 1043439367326 before or it is disabled. Enable it by visiting https://console.developers.google.com/apis/api/compute.googleapis.com/overview?project=1043439367326 then retry. If you enabled this API recently, wait a few minutes for the action to propagate to our systems and retry.","status":403}
[debug] [2026-05-14T16:11:32.819Z] Checked if tokens are valid: true, expires at: 1778778323079
[debug] [2026-05-14T16:11:32.819Z] Checked if tokens are valid: true, expires at: 1778778323079
[debug] [2026-05-14T16:11:32.819Z] >>> [apiv2][query] GET https://compute.googleapis.com/compute/v1/projects/1043439367326 [none]
[debug] [2026-05-14T16:11:33.811Z] <<< [apiv2][status] GET https://compute.googleapis.com/compute/v1/projects/1043439367326 403
[debug] [2026-05-14T16:11:33.811Z] <<< [apiv2][body] GET https://compute.googleapis.com/compute/v1/projects/1043439367326 {"error":{"code":403,"message":"Compute Engine API has not been used in project 1043439367326 before or it is disabled. Enable it by visiting https://console.developers.google.com/apis/api/compute.googleapis.com/overview?project=1043439367326 then retry. If you enabled this API recently, wait a few minutes for the action to propagate to our systems and retry.","errors":[{"message":"Compute Engine API has not been used in project 1043439367326 before or it is disabled. Enable it by visiting https://console.developers.google.com/apis/api/compute.googleapis.com/overview?project=1043439367326 then retry. If you enabled this API recently, wait a few minutes for the action to propagate to our systems and retry.","domain":"usageLimits","reason":"accessNotConfigured","extendedHelp":"https://console.developers.google.com"}],"status":"PERMISSION_DENIED","details":[{"@type":"type.googleapis.com/google.rpc.ErrorInfo","reason":"SERVICE_DISABLED","domain":"googleapis.com","metadata":{"consumer":"projects/1043439367326","service":"compute.googleapis.com","activationUrl":"https://console.developers.google.com/apis/api/compute.googleapis.com/overview?project=1043439367326","serviceTitle":"Compute Engine API","containerInfo":"1043439367326"}},{"@type":"type.googleapis.com/google.rpc.LocalizedMessage","locale":"en-US","message":"Compute Engine API has not been used in project 1043439367326 before or it is disabled. Enable it by visiting https://console.developers.google.com/apis/api/compute.googleapis.com/overview?project=1043439367326 then retry. If you enabled this API recently, wait a few minutes for the action to propagate to our systems and retry."},{"@type":"type.googleapis.com/google.rpc.Help","links":[{"description":"Google developers console API activation","url":"https://console.developers.google.com/apis/api/compute.googleapis.com/overview?project=1043439367326"}]}]}}
[debug] [2026-05-14T16:11:33.811Z] unable to look up default compute service account. Falling back to 1043439367326-compute@developer.gserviceaccount.com. Error: {"name":"FirebaseError","children":[],"context":{"body":{"error":{"code":403,"message":"Compute Engine API has not been used in project 1043439367326 before or it is disabled. Enable it by visiting https://console.developers.google.com/apis/api/compute.googleapis.com/overview?project=1043439367326 then retry. If you enabled this API recently, wait a few minutes for the action to propagate to our systems and retry.","errors":[{"message":"Compute Engine API has not been used in project 1043439367326 before or it is disabled. Enable it by visiting https://console.developers.google.com/apis/api/compute.googleapis.com/overview?project=1043439367326 then retry. If you enabled this API recently, wait a few minutes for the action to propagate to our systems and retry.","domain":"usageLimits","reason":"accessNotConfigured","extendedHelp":"https://console.developers.google.com"}],"status":"PERMISSION_DENIED","details":[{"@type":"type.googleapis.com/google.rpc.ErrorInfo","reason":"SERVICE_DISABLED","domain":"googleapis.com","metadata":{"consumer":"projects/1043439367326","service":"compute.googleapis.com","activationUrl":"https://console.developers.google.com/apis/api/compute.googleapis.com/overview?project=1043439367326","serviceTitle":"Compute Engine API","containerInfo":"1043439367326"}},{"@type":"type.googleapis.com/google.rpc.LocalizedMessage","locale":"en-US","message":"Compute Engine API has not been used in project 1043439367326 before or it is disabled. Enable it by visiting https://console.developers.google.com/apis/api/compute.googleapis.com/overview?project=1043439367326 then retry. If you enabled this API recently, wait a few minutes for the action to propagate to our systems and retry."},{"@type":"type.googleapis.com/google.rpc.Help","links":[{"description":"Google developers console API activation","url":"https://console.developers.google.com/apis/api/compute.googleapis.com/overview?project=1043439367326"}]}]}},"response":{"statusCode":403}},"exit":1,"message":"Request to https://compute.googleapis.com/compute/v1/projects/1043439367326 had HTTP Error: 403, Compute Engine API has not been used in project 1043439367326 before or it is disabled. Enable it by visiting https://console.developers.google.com/apis/api/compute.googleapis.com/overview?project=1043439367326 then retry. If you enabled this API recently, wait a few minutes for the action to propagate to our systems and retry.","status":403}
[debug] [2026-05-14T16:11:33.811Z] Checked if tokens are valid: true, expires at: 1778778323079
[debug] [2026-05-14T16:11:33.812Z] Checked if tokens are valid: true, expires at: 1778778323079
[debug] [2026-05-14T16:11:33.812Z] >>> [apiv2][query] GET https://compute.googleapis.com/compute/v1/projects/1043439367326 [none]
[debug] [2026-05-14T16:11:34.984Z] <<< [apiv2][status] GET https://compute.googleapis.com/compute/v1/projects/1043439367326 403
[debug] [2026-05-14T16:11:34.984Z] <<< [apiv2][body] GET https://compute.googleapis.com/compute/v1/projects/1043439367326 {"error":{"code":403,"message":"Compute Engine API has not been used in project 1043439367326 before or it is disabled. Enable it by visiting https://console.developers.google.com/apis/api/compute.googleapis.com/overview?project=1043439367326 then retry. If you enabled this API recently, wait a few minutes for the action to propagate to our systems and retry.","errors":[{"message":"Compute Engine API has not been used in project 1043439367326 before or it is disabled. Enable it by visiting https://console.developers.google.com/apis/api/compute.googleapis.com/overview?project=1043439367326 then retry. If you enabled this API recently, wait a few minutes for the action to propagate to our systems and retry.","domain":"usageLimits","reason":"accessNotConfigured","extendedHelp":"https://console.developers.google.com"}],"status":"PERMISSION_DENIED","details":[{"@type":"type.googleapis.com/google.rpc.ErrorInfo","reason":"SERVICE_DISABLED","domain":"googleapis.com","metadata":{"activationUrl":"https://console.developers.google.com/apis/api/compute.googleapis.com/overview?project=1043439367326","containerInfo":"1043439367326","service":"compute.googleapis.com","consumer":"projects/1043439367326","serviceTitle":"Compute Engine API"}},{"@type":"type.googleapis.com/google.rpc.LocalizedMessage","locale":"en-US","message":"Compute Engine API has not been used in project 1043439367326 before or it is disabled. Enable it by visiting https://console.developers.google.com/apis/api/compute.googleapis.com/overview?project=1043439367326 then retry. If you enabled this API recently, wait a few minutes for the action to propagate to our systems and retry."},{"@type":"type.googleapis.com/google.rpc.Help","links":[{"description":"Google developers console API activation","url":"https://console.developers.google.com/apis/api/compute.googleapis.com/overview?project=1043439367326"}]}]}}
[debug] [2026-05-14T16:11:34.985Z] unable to look up default compute service account. Falling back to 1043439367326-compute@developer.gserviceaccount.com. Error: {"name":"FirebaseError","children":[],"context":{"body":{"error":{"code":403,"message":"Compute Engine API has not been used in project 1043439367326 before or it is disabled. Enable it by visiting https://console.developers.google.com/apis/api/compute.googleapis.com/overview?project=1043439367326 then retry. If you enabled this API recently, wait a few minutes for the action to propagate to our systems and retry.","errors":[{"message":"Compute Engine API has not been used in project 1043439367326 before or it is disabled. Enable it by visiting https://console.developers.google.com/apis/api/compute.googleapis.com/overview?project=1043439367326 then retry. If you enabled this API recently, wait a few minutes for the action to propagate to our systems and retry.","domain":"usageLimits","reason":"accessNotConfigured","extendedHelp":"https://console.developers.google.com"}],"status":"PERMISSION_DENIED","details":[{"@type":"type.googleapis.com/google.rpc.ErrorInfo","reason":"SERVICE_DISABLED","domain":"googleapis.com","metadata":{"activationUrl":"https://console.developers.google.com/apis/api/compute.googleapis.com/overview?project=1043439367326","containerInfo":"1043439367326","service":"compute.googleapis.com","consumer":"projects/1043439367326","serviceTitle":"Compute Engine API"}},{"@type":"type.googleapis.com/google.rpc.LocalizedMessage","locale":"en-US","message":"Compute Engine API has not been used in project 1043439367326 before or it is disabled. Enable it by visiting https://console.developers.google.com/apis/api/compute.googleapis.com/overview?project=1043439367326 then retry. If you enabled this API recently, wait a few minutes for the action to propagate to our systems and retry."},{"@type":"type.googleapis.com/google.rpc.Help","links":[{"description":"Google developers console API activation","url":"https://console.developers.google.com/apis/api/compute.googleapis.com/overview?project=1043439367326"}]}]}},"response":{"statusCode":403}},"exit":1,"message":"Request to https://compute.googleapis.com/compute/v1/projects/1043439367326 had HTTP Error: 403, Compute Engine API has not been used in project 1043439367326 before or it is disabled. Enable it by visiting https://console.developers.google.com/apis/api/compute.googleapis.com/overview?project=1043439367326 then retry. If you enabled this API recently, wait a few minutes for the action to propagate to our systems and retry.","status":403}
[debug] [2026-05-14T16:11:34.985Z] Checked if tokens are valid: true, expires at: 1778778323079
[debug] [2026-05-14T16:11:34.985Z] Checked if tokens are valid: true, expires at: 1778778323079
[debug] [2026-05-14T16:11:34.986Z] >>> [apiv2][query] GET https://compute.googleapis.com/compute/v1/projects/1043439367326 [none]
[debug] [2026-05-14T16:11:36.149Z] <<< [apiv2][status] GET https://compute.googleapis.com/compute/v1/projects/1043439367326 403
[debug] [2026-05-14T16:11:36.149Z] <<< [apiv2][body] GET https://compute.googleapis.com/compute/v1/projects/1043439367326 {"error":{"code":403,"message":"Compute Engine API has not been used in project 1043439367326 before or it is disabled. Enable it by visiting https://console.developers.google.com/apis/api/compute.googleapis.com/overview?project=1043439367326 then retry. If you enabled this API recently, wait a few minutes for the action to propagate to our systems and retry.","errors":[{"message":"Compute Engine API has not been used in project 1043439367326 before or it is disabled. Enable it by visiting https://console.developers.google.com/apis/api/compute.googleapis.com/overview?project=1043439367326 then retry. If you enabled this API recently, wait a few minutes for the action to propagate to our systems and retry.","domain":"usageLimits","reason":"accessNotConfigured","extendedHelp":"https://console.developers.google.com"}],"status":"PERMISSION_DENIED","details":[{"@type":"type.googleapis.com/google.rpc.ErrorInfo","reason":"SERVICE_DISABLED","domain":"googleapis.com","metadata":{"activationUrl":"https://console.developers.google.com/apis/api/compute.googleapis.com/overview?project=1043439367326","consumer":"projects/1043439367326","serviceTitle":"Compute Engine API","containerInfo":"1043439367326","service":"compute.googleapis.com"}},{"@type":"type.googleapis.com/google.rpc.LocalizedMessage","locale":"en-US","message":"Compute Engine API has not been used in project 1043439367326 before or it is disabled. Enable it by visiting https://console.developers.google.com/apis/api/compute.googleapis.com/overview?project=1043439367326 then retry. If you enabled this API recently, wait a few minutes for the action to propagate to our systems and retry."},{"@type":"type.googleapis.com/google.rpc.Help","links":[{"description":"Google developers console API activation","url":"https://console.developers.google.com/apis/api/compute.googleapis.com/overview?project=1043439367326"}]}]}}
[debug] [2026-05-14T16:11:36.149Z] unable to look up default compute service account. Falling back to 1043439367326-compute@developer.gserviceaccount.com. Error: {"name":"FirebaseError","children":[],"context":{"body":{"error":{"code":403,"message":"Compute Engine API has not been used in project 1043439367326 before or it is disabled. Enable it by visiting https://console.developers.google.com/apis/api/compute.googleapis.com/overview?project=1043439367326 then retry. If you enabled this API recently, wait a few minutes for the action to propagate to our systems and retry.","errors":[{"message":"Compute Engine API has not been used in project 1043439367326 before or it is disabled. Enable it by visiting https://console.developers.google.com/apis/api/compute.googleapis.com/overview?project=1043439367326 then retry. If you enabled this API recently, wait a few minutes for the action to propagate to our systems and retry.","domain":"usageLimits","reason":"accessNotConfigured","extendedHelp":"https://console.developers.google.com"}],"status":"PERMISSION_DENIED","details":[{"@type":"type.googleapis.com/google.rpc.ErrorInfo","reason":"SERVICE_DISABLED","domain":"googleapis.com","metadata":{"activationUrl":"https://console.developers.google.com/apis/api/compute.googleapis.com/overview?project=1043439367326","consumer":"projects/1043439367326","serviceTitle":"Compute Engine API","containerInfo":"1043439367326","service":"compute.googleapis.com"}},{"@type":"type.googleapis.com/google.rpc.LocalizedMessage","locale":"en-US","message":"Compute Engine API has not been used in project 1043439367326 before or it is disabled. Enable it by visiting https://console.developers.google.com/apis/api/compute.googleapis.com/overview?project=1043439367326 then retry. If you enabled this API recently, wait a few minutes for the action to propagate to our systems and retry."},{"@type":"type.googleapis.com/google.rpc.Help","links":[{"description":"Google developers console API activation","url":"https://console.developers.google.com/apis/api/compute.googleapis.com/overview?project=1043439367326"}]}]}},"response":{"statusCode":403}},"exit":1,"message":"Request to https://compute.googleapis.com/compute/v1/projects/1043439367326 had HTTP Error: 403, Compute Engine API has not been used in project 1043439367326 before or it is disabled. Enable it by visiting https://console.developers.google.com/apis/api/compute.googleapis.com/overview?project=1043439367326 then retry. If you enabled this API recently, wait a few minutes for the action to propagate to our systems and retry.","status":403}
[debug] [2026-05-14T16:11:36.149Z] Checked if tokens are valid: true, expires at: 1778778323079
[debug] [2026-05-14T16:11:36.149Z] Checked if tokens are valid: true, expires at: 1778778323079
[debug] [2026-05-14T16:11:36.149Z] >>> [apiv2][query] GET https://compute.googleapis.com/compute/v1/projects/1043439367326 [none]
[debug] [2026-05-14T16:11:37.255Z] <<< [apiv2][status] GET https://compute.googleapis.com/compute/v1/projects/1043439367326 403
[debug] [2026-05-14T16:11:37.255Z] <<< [apiv2][body] GET https://compute.googleapis.com/compute/v1/projects/1043439367326 {"error":{"code":403,"message":"Compute Engine API has not been used in project 1043439367326 before or it is disabled. Enable it by visiting https://console.developers.google.com/apis/api/compute.googleapis.com/overview?project=1043439367326 then retry. If you enabled this API recently, wait a few minutes for the action to propagate to our systems and retry.","errors":[{"message":"Compute Engine API has not been used in project 1043439367326 before or it is disabled. Enable it by visiting https://console.developers.google.com/apis/api/compute.googleapis.com/overview?project=1043439367326 then retry. If you enabled this API recently, wait a few minutes for the action to propagate to our systems and retry.","domain":"usageLimits","reason":"accessNotConfigured","extendedHelp":"https://console.developers.google.com"}],"status":"PERMISSION_DENIED","details":[{"@type":"type.googleapis.com/google.rpc.ErrorInfo","reason":"SERVICE_DISABLED","domain":"googleapis.com","metadata":{"containerInfo":"1043439367326","consumer":"projects/1043439367326","serviceTitle":"Compute Engine API","activationUrl":"https://console.developers.google.com/apis/api/compute.googleapis.com/overview?project=1043439367326","service":"compute.googleapis.com"}},{"@type":"type.googleapis.com/google.rpc.LocalizedMessage","locale":"en-US","message":"Compute Engine API has not been used in project 1043439367326 before or it is disabled. Enable it by visiting https://console.developers.google.com/apis/api/compute.googleapis.com/overview?project=1043439367326 then retry. If you enabled this API recently, wait a few minutes for the action to propagate to our systems and retry."},{"@type":"type.googleapis.com/google.rpc.Help","links":[{"description":"Google developers console API activation","url":"https://console.developers.google.com/apis/api/compute.googleapis.com/overview?project=1043439367326"}]}]}}
[debug] [2026-05-14T16:11:37.255Z] unable to look up default compute service account. Falling back to 1043439367326-compute@developer.gserviceaccount.com. Error: {"name":"FirebaseError","children":[],"context":{"body":{"error":{"code":403,"message":"Compute Engine API has not been used in project 1043439367326 before or it is disabled. Enable it by visiting https://console.developers.google.com/apis/api/compute.googleapis.com/overview?project=1043439367326 then retry. If you enabled this API recently, wait a few minutes for the action to propagate to our systems and retry.","errors":[{"message":"Compute Engine API has not been used in project 1043439367326 before or it is disabled. Enable it by visiting https://console.developers.google.com/apis/api/compute.googleapis.com/overview?project=1043439367326 then retry. If you enabled this API recently, wait a few minutes for the action to propagate to our systems and retry.","domain":"usageLimits","reason":"accessNotConfigured","extendedHelp":"https://console.developers.google.com"}],"status":"PERMISSION_DENIED","details":[{"@type":"type.googleapis.com/google.rpc.ErrorInfo","reason":"SERVICE_DISABLED","domain":"googleapis.com","metadata":{"containerInfo":"1043439367326","consumer":"projects/1043439367326","serviceTitle":"Compute Engine API","activationUrl":"https://console.developers.google.com/apis/api/compute.googleapis.com/overview?project=1043439367326","service":"compute.googleapis.com"}},{"@type":"type.googleapis.com/google.rpc.LocalizedMessage","locale":"en-US","message":"Compute Engine API has not been used in project 1043439367326 before or it is disabled. Enable it by visiting https://console.developers.google.com/apis/api/compute.googleapis.com/overview?project=1043439367326 then retry. If you enabled this API recently, wait a few minutes for the action to propagate to our systems and retry."},{"@type":"type.googleapis.com/google.rpc.Help","links":[{"description":"Google developers console API activation","url":"https://console.developers.google.com/apis/api/compute.googleapis.com/overview?project=1043439367326"}]}]}},"response":{"statusCode":403}},"exit":1,"message":"Request to https://compute.googleapis.com/compute/v1/projects/1043439367326 had HTTP Error: 403, Compute Engine API has not been used in project 1043439367326 before or it is disabled. Enable it by visiting https://console.developers.google.com/apis/api/compute.googleapis.com/overview?project=1043439367326 then retry. If you enabled this API recently, wait a few minutes for the action to propagate to our systems and retry.","status":403}
[debug] [2026-05-14T16:11:37.255Z] Checked if tokens are valid: true, expires at: 1778778323079
[debug] [2026-05-14T16:11:37.255Z] Checked if tokens are valid: true, expires at: 1778778323079
[debug] [2026-05-14T16:11:37.255Z] >>> [apiv2][query] GET https://compute.googleapis.com/compute/v1/projects/1043439367326 [none]
[debug] [2026-05-14T16:11:37.577Z] <<< [apiv2][status] GET https://compute.googleapis.com/compute/v1/projects/1043439367326 403
[debug] [2026-05-14T16:11:37.577Z] <<< [apiv2][body] GET https://compute.googleapis.com/compute/v1/projects/1043439367326 {"error":{"code":403,"message":"Compute Engine API has not been used in project 1043439367326 before or it is disabled. Enable it by visiting https://console.developers.google.com/apis/api/compute.googleapis.com/overview?project=1043439367326 then retry. If you enabled this API recently, wait a few minutes for the action to propagate to our systems and retry.","errors":[{"message":"Compute Engine API has not been used in project 1043439367326 before or it is disabled. Enable it by visiting https://console.developers.google.com/apis/api/compute.googleapis.com/overview?project=1043439367326 then retry. If you enabled this API recently, wait a few minutes for the action to propagate to our systems and retry.","domain":"usageLimits","reason":"accessNotConfigured","extendedHelp":"https://console.developers.google.com"}],"status":"PERMISSION_DENIED","details":[{"@type":"type.googleapis.com/google.rpc.ErrorInfo","reason":"SERVICE_DISABLED","domain":"googleapis.com","metadata":{"service":"compute.googleapis.com","activationUrl":"https://console.developers.google.com/apis/api/compute.googleapis.com/overview?project=1043439367326","consumer":"projects/1043439367326","serviceTitle":"Compute Engine API","containerInfo":"1043439367326"}},{"@type":"type.googleapis.com/google.rpc.LocalizedMessage","locale":"en-US","message":"Compute Engine API has not been used in project 1043439367326 before or it is disabled. Enable it by visiting https://console.developers.google.com/apis/api/compute.googleapis.com/overview?project=1043439367326 then retry. If you enabled this API recently, wait a few minutes for the action to propagate to our systems and retry."},{"@type":"type.googleapis.com/google.rpc.Help","links":[{"description":"Google developers console API activation","url":"https://console.developers.google.com/apis/api/compute.googleapis.com/overview?project=1043439367326"}]}]}}
[debug] [2026-05-14T16:11:37.577Z] unable to look up default compute service account. Falling back to 1043439367326-compute@developer.gserviceaccount.com. Error: {"name":"FirebaseError","children":[],"context":{"body":{"error":{"code":403,"message":"Compute Engine API has not been used in project 1043439367326 before or it is disabled. Enable it by visiting https://console.developers.google.com/apis/api/compute.googleapis.com/overview?project=1043439367326 then retry. If you enabled this API recently, wait a few minutes for the action to propagate to our systems and retry.","errors":[{"message":"Compute Engine API has not been used in project 1043439367326 before or it is disabled. Enable it by visiting https://console.developers.google.com/apis/api/compute.googleapis.com/overview?project=1043439367326 then retry. If you enabled this API recently, wait a few minutes for the action to propagate to our systems and retry.","domain":"usageLimits","reason":"accessNotConfigured","extendedHelp":"https://console.developers.google.com"}],"status":"PERMISSION_DENIED","details":[{"@type":"type.googleapis.com/google.rpc.ErrorInfo","reason":"SERVICE_DISABLED","domain":"googleapis.com","metadata":{"service":"compute.googleapis.com","activationUrl":"https://console.developers.google.com/apis/api/compute.googleapis.com/overview?project=1043439367326","consumer":"projects/1043439367326","serviceTitle":"Compute Engine API","containerInfo":"1043439367326"}},{"@type":"type.googleapis.com/google.rpc.LocalizedMessage","locale":"en-US","message":"Compute Engine API has not been used in project 1043439367326 before or it is disabled. Enable it by visiting https://console.developers.google.com/apis/api/compute.googleapis.com/overview?project=1043439367326 then retry. If you enabled this API recently, wait a few minutes for the action to propagate to our systems and retry."},{"@type":"type.googleapis.com/google.rpc.Help","links":[{"description":"Google developers console API activation","url":"https://console.developers.google.com/apis/api/compute.googleapis.com/overview?project=1043439367326"}]}]}},"response":{"statusCode":403}},"exit":1,"message":"Request to https://compute.googleapis.com/compute/v1/projects/1043439367326 had HTTP Error: 403, Compute Engine API has not been used in project 1043439367326 before or it is disabled. Enable it by visiting https://console.developers.google.com/apis/api/compute.googleapis.com/overview?project=1043439367326 then retry. If you enabled this API recently, wait a few minutes for the action to propagate to our systems and retry.","status":403}
[debug] [2026-05-14T16:11:37.578Z] Checked if tokens are valid: true, expires at: 1778778323079
[debug] [2026-05-14T16:11:37.578Z] Checked if tokens are valid: true, expires at: 1778778323079
[debug] [2026-05-14T16:11:37.578Z] >>> [apiv2][query] GET https://compute.googleapis.com/compute/v1/projects/1043439367326 [none]
[debug] [2026-05-14T16:11:38.678Z] <<< [apiv2][status] GET https://compute.googleapis.com/compute/v1/projects/1043439367326 403
[debug] [2026-05-14T16:11:38.679Z] <<< [apiv2][body] GET https://compute.googleapis.com/compute/v1/projects/1043439367326 {"error":{"code":403,"message":"Compute Engine API has not been used in project 1043439367326 before or it is disabled. Enable it by visiting https://console.developers.google.com/apis/api/compute.googleapis.com/overview?project=1043439367326 then retry. If you enabled this API recently, wait a few minutes for the action to propagate to our systems and retry.","errors":[{"message":"Compute Engine API has not been used in project 1043439367326 before or it is disabled. Enable it by visiting https://console.developers.google.com/apis/api/compute.googleapis.com/overview?project=1043439367326 then retry. If you enabled this API recently, wait a few minutes for the action to propagate to our systems and retry.","domain":"usageLimits","reason":"accessNotConfigured","extendedHelp":"https://console.developers.google.com"}],"status":"PERMISSION_DENIED","details":[{"@type":"type.googleapis.com/google.rpc.ErrorInfo","reason":"SERVICE_DISABLED","domain":"googleapis.com","metadata":{"serviceTitle":"Compute Engine API","service":"compute.googleapis.com","containerInfo":"1043439367326","consumer":"projects/1043439367326","activationUrl":"https://console.developers.google.com/apis/api/compute.googleapis.com/overview?project=1043439367326"}},{"@type":"type.googleapis.com/google.rpc.LocalizedMessage","locale":"en-US","message":"Compute Engine API has not been used in project 1043439367326 before or it is disabled. Enable it by visiting https://console.developers.google.com/apis/api/compute.googleapis.com/overview?project=1043439367326 then retry. If you enabled this API recently, wait a few minutes for the action to propagate to our systems and retry."},{"@type":"type.googleapis.com/google.rpc.Help","links":[{"description":"Google developers console API activation","url":"https://console.developers.google.com/apis/api/compute.googleapis.com/overview?project=1043439367326"}]}]}}
[debug] [2026-05-14T16:11:38.679Z] unable to look up default compute service account. Falling back to 1043439367326-compute@developer.gserviceaccount.com. Error: {"name":"FirebaseError","children":[],"context":{"body":{"error":{"code":403,"message":"Compute Engine API has not been used in project 1043439367326 before or it is disabled. Enable it by visiting https://console.developers.google.com/apis/api/compute.googleapis.com/overview?project=1043439367326 then retry. If you enabled this API recently, wait a few minutes for the action to propagate to our systems and retry.","errors":[{"message":"Compute Engine API has not been used in project 1043439367326 before or it is disabled. Enable it by visiting https://console.developers.google.com/apis/api/compute.googleapis.com/overview?project=1043439367326 then retry. If you enabled this API recently, wait a few minutes for the action to propagate to our systems and retry.","domain":"usageLimits","reason":"accessNotConfigured","extendedHelp":"https://console.developers.google.com"}],"status":"PERMISSION_DENIED","details":[{"@type":"type.googleapis.com/google.rpc.ErrorInfo","reason":"SERVICE_DISABLED","domain":"googleapis.com","metadata":{"serviceTitle":"Compute Engine API","service":"compute.googleapis.com","containerInfo":"1043439367326","consumer":"projects/1043439367326","activationUrl":"https://console.developers.google.com/apis/api/compute.googleapis.com/overview?project=1043439367326"}},{"@type":"type.googleapis.com/google.rpc.LocalizedMessage","locale":"en-US","message":"Compute Engine API has not been used in project 1043439367326 before or it is disabled. Enable it by visiting https://console.developers.google.com/apis/api/compute.googleapis.com/overview?project=1043439367326 then retry. If you enabled this API recently, wait a few minutes for the action to propagate to our systems and retry."},{"@type":"type.googleapis.com/google.rpc.Help","links":[{"description":"Google developers console API activation","url":"https://console.developers.google.com/apis/api/compute.googleapis.com/overview?project=1043439367326"}]}]}},"response":{"statusCode":403}},"exit":1,"message":"Request to https://compute.googleapis.com/compute/v1/projects/1043439367326 had HTTP Error: 403, Compute Engine API has not been used in project 1043439367326 before or it is disabled. Enable it by visiting https://console.developers.google.com/apis/api/compute.googleapis.com/overview?project=1043439367326 then retry. If you enabled this API recently, wait a few minutes for the action to propagate to our systems and retry.","status":403}
[debug] [2026-05-14T16:11:38.679Z] Checked if tokens are valid: true, expires at: 1778778323079
[debug] [2026-05-14T16:11:38.679Z] Checked if tokens are valid: true, expires at: 1778778323079
[debug] [2026-05-14T16:11:38.679Z] >>> [apiv2][query] GET https://compute.googleapis.com/compute/v1/projects/1043439367326 [none]
[debug] [2026-05-14T16:11:38.983Z] <<< [apiv2][status] GET https://compute.googleapis.com/compute/v1/projects/1043439367326 403
[debug] [2026-05-14T16:11:38.983Z] <<< [apiv2][body] GET https://compute.googleapis.com/compute/v1/projects/1043439367326 {"error":{"code":403,"message":"Compute Engine API has not been used in project 1043439367326 before or it is disabled. Enable it by visiting https://console.developers.google.com/apis/api/compute.googleapis.com/overview?project=1043439367326 then retry. If you enabled this API recently, wait a few minutes for the action to propagate to our systems and retry.","errors":[{"message":"Compute Engine API has not been used in project 1043439367326 before or it is disabled. Enable it by visiting https://console.developers.google.com/apis/api/compute.googleapis.com/overview?project=1043439367326 then retry. If you enabled this API recently, wait a few minutes for the action to propagate to our systems and retry.","domain":"usageLimits","reason":"accessNotConfigured","extendedHelp":"https://console.developers.google.com"}],"status":"PERMISSION_DENIED","details":[{"@type":"type.googleapis.com/google.rpc.ErrorInfo","reason":"SERVICE_DISABLED","domain":"googleapis.com","metadata":{"service":"compute.googleapis.com","consumer":"projects/1043439367326","containerInfo":"1043439367326","serviceTitle":"Compute Engine API","activationUrl":"https://console.developers.google.com/apis/api/compute.googleapis.com/overview?project=1043439367326"}},{"@type":"type.googleapis.com/google.rpc.LocalizedMessage","locale":"en-US","message":"Compute Engine API has not been used in project 1043439367326 before or it is disabled. Enable it by visiting https://console.developers.google.com/apis/api/compute.googleapis.com/overview?project=1043439367326 then retry. If you enabled this API recently, wait a few minutes for the action to propagate to our systems and retry."},{"@type":"type.googleapis.com/google.rpc.Help","links":[{"description":"Google developers console API activation","url":"https://console.developers.google.com/apis/api/compute.googleapis.com/overview?project=1043439367326"}]}]}}
[debug] [2026-05-14T16:11:38.983Z] unable to look up default compute service account. Falling back to 1043439367326-compute@developer.gserviceaccount.com. Error: {"name":"FirebaseError","children":[],"context":{"body":{"error":{"code":403,"message":"Compute Engine API has not been used in project 1043439367326 before or it is disabled. Enable it by visiting https://console.developers.google.com/apis/api/compute.googleapis.com/overview?project=1043439367326 then retry. If you enabled this API recently, wait a few minutes for the action to propagate to our systems and retry.","errors":[{"message":"Compute Engine API has not been used in project 1043439367326 before or it is disabled. Enable it by visiting https://console.developers.google.com/apis/api/compute.googleapis.com/overview?project=1043439367326 then retry. If you enabled this API recently, wait a few minutes for the action to propagate to our systems and retry.","domain":"usageLimits","reason":"accessNotConfigured","extendedHelp":"https://console.developers.google.com"}],"status":"PERMISSION_DENIED","details":[{"@type":"type.googleapis.com/google.rpc.ErrorInfo","reason":"SERVICE_DISABLED","domain":"googleapis.com","metadata":{"service":"compute.googleapis.com","consumer":"projects/1043439367326","containerInfo":"1043439367326","serviceTitle":"Compute Engine API","activationUrl":"https://console.developers.google.com/apis/api/compute.googleapis.com/overview?project=1043439367326"}},{"@type":"type.googleapis.com/google.rpc.LocalizedMessage","locale":"en-US","message":"Compute Engine API has not been used in project 1043439367326 before or it is disabled. Enable it by visiting https://console.developers.google.com/apis/api/compute.googleapis.com/overview?project=1043439367326 then retry. If you enabled this API recently, wait a few minutes for the action to propagate to our systems and retry."},{"@type":"type.googleapis.com/google.rpc.Help","links":[{"description":"Google developers console API activation","url":"https://console.developers.google.com/apis/api/compute.googleapis.com/overview?project=1043439367326"}]}]}},"response":{"statusCode":403}},"exit":1,"message":"Request to https://compute.googleapis.com/compute/v1/projects/1043439367326 had HTTP Error: 403, Compute Engine API has not been used in project 1043439367326 before or it is disabled. Enable it by visiting https://console.developers.google.com/apis/api/compute.googleapis.com/overview?project=1043439367326 then retry. If you enabled this API recently, wait a few minutes for the action to propagate to our systems and retry.","status":403}
[debug] [2026-05-14T16:11:38.983Z] Checked if tokens are valid: true, expires at: 1778778323079
[debug] [2026-05-14T16:11:38.983Z] Checked if tokens are valid: true, expires at: 1778778323079
[debug] [2026-05-14T16:11:38.983Z] >>> [apiv2][query] GET https://compute.googleapis.com/compute/v1/projects/1043439367326 [none]
[debug] [2026-05-14T16:11:40.103Z] <<< [apiv2][status] GET https://compute.googleapis.com/compute/v1/projects/1043439367326 403
[debug] [2026-05-14T16:11:40.103Z] <<< [apiv2][body] GET https://compute.googleapis.com/compute/v1/projects/1043439367326 {"error":{"code":403,"message":"Compute Engine API has not been used in project 1043439367326 before or it is disabled. Enable it by visiting https://console.developers.google.com/apis/api/compute.googleapis.com/overview?project=1043439367326 then retry. If you enabled this API recently, wait a few minutes for the action to propagate to our systems and retry.","errors":[{"message":"Compute Engine API has not been used in project 1043439367326 before or it is disabled. Enable it by visiting https://console.developers.google.com/apis/api/compute.googleapis.com/overview?project=1043439367326 then retry. If you enabled this API recently, wait a few minutes for the action to propagate to our systems and retry.","domain":"usageLimits","reason":"accessNotConfigured","extendedHelp":"https://console.developers.google.com"}],"status":"PERMISSION_DENIED","details":[{"@type":"type.googleapis.com/google.rpc.ErrorInfo","reason":"SERVICE_DISABLED","domain":"googleapis.com","metadata":{"containerInfo":"1043439367326","service":"compute.googleapis.com","consumer":"projects/1043439367326","serviceTitle":"Compute Engine API","activationUrl":"https://console.developers.google.com/apis/api/compute.googleapis.com/overview?project=1043439367326"}},{"@type":"type.googleapis.com/google.rpc.LocalizedMessage","locale":"en-US","message":"Compute Engine API has not been used in project 1043439367326 before or it is disabled. Enable it by visiting https://console.developers.google.com/apis/api/compute.googleapis.com/overview?project=1043439367326 then retry. If you enabled this API recently, wait a few minutes for the action to propagate to our systems and retry."},{"@type":"type.googleapis.com/google.rpc.Help","links":[{"description":"Google developers console API activation","url":"https://console.developers.google.com/apis/api/compute.googleapis.com/overview?project=1043439367326"}]}]}}
[debug] [2026-05-14T16:11:40.103Z] unable to look up default compute service account. Falling back to 1043439367326-compute@developer.gserviceaccount.com. Error: {"name":"FirebaseError","children":[],"context":{"body":{"error":{"code":403,"message":"Compute Engine API has not been used in project 1043439367326 before or it is disabled. Enable it by visiting https://console.developers.google.com/apis/api/compute.googleapis.com/overview?project=1043439367326 then retry. If you enabled this API recently, wait a few minutes for the action to propagate to our systems and retry.","errors":[{"message":"Compute Engine API has not been used in project 1043439367326 before or it is disabled. Enable it by visiting https://console.developers.google.com/apis/api/compute.googleapis.com/overview?project=1043439367326 then retry. If you enabled this API recently, wait a few minutes for the action to propagate to our systems and retry.","domain":"usageLimits","reason":"accessNotConfigured","extendedHelp":"https://console.developers.google.com"}],"status":"PERMISSION_DENIED","details":[{"@type":"type.googleapis.com/google.rpc.ErrorInfo","reason":"SERVICE_DISABLED","domain":"googleapis.com","metadata":{"containerInfo":"1043439367326","service":"compute.googleapis.com","consumer":"projects/1043439367326","serviceTitle":"Compute Engine API","activationUrl":"https://console.developers.google.com/apis/api/compute.googleapis.com/overview?project=1043439367326"}},{"@type":"type.googleapis.com/google.rpc.LocalizedMessage","locale":"en-US","message":"Compute Engine API has not been used in project 1043439367326 before or it is disabled. Enable it by visiting https://console.developers.google.com/apis/api/compute.googleapis.com/overview?project=1043439367326 then retry. If you enabled this API recently, wait a few minutes for the action to propagate to our systems and retry."},{"@type":"type.googleapis.com/google.rpc.Help","links":[{"description":"Google developers console API activation","url":"https://console.developers.google.com/apis/api/compute.googleapis.com/overview?project=1043439367326"}]}]}},"response":{"statusCode":403}},"exit":1,"message":"Request to https://compute.googleapis.com/compute/v1/projects/1043439367326 had HTTP Error: 403, Compute Engine API has not been used in project 1043439367326 before or it is disabled. Enable it by visiting https://console.developers.google.com/apis/api/compute.googleapis.com/overview?project=1043439367326 then retry. If you enabled this API recently, wait a few minutes for the action to propagate to our systems and retry.","status":403}
[debug] [2026-05-14T16:11:40.104Z] Checked if tokens are valid: true, expires at: 1778778323079
[debug] [2026-05-14T16:11:40.104Z] Checked if tokens are valid: true, expires at: 1778778323079
[debug] [2026-05-14T16:11:40.104Z] >>> [apiv2][query] GET https://compute.googleapis.com/compute/v1/projects/1043439367326 [none]
[debug] [2026-05-14T16:11:41.088Z] <<< [apiv2][status] GET https://compute.googleapis.com/compute/v1/projects/1043439367326 403
[debug] [2026-05-14T16:11:41.088Z] <<< [apiv2][body] GET https://compute.googleapis.com/compute/v1/projects/1043439367326 {"error":{"code":403,"message":"Compute Engine API has not been used in project 1043439367326 before or it is disabled. Enable it by visiting https://console.developers.google.com/apis/api/compute.googleapis.com/overview?project=1043439367326 then retry. If you enabled this API recently, wait a few minutes for the action to propagate to our systems and retry.","errors":[{"message":"Compute Engine API has not been used in project 1043439367326 before or it is disabled. Enable it by visiting https://console.developers.google.com/apis/api/compute.googleapis.com/overview?project=1043439367326 then retry. If you enabled this API recently, wait a few minutes for the action to propagate to our systems and retry.","domain":"usageLimits","reason":"accessNotConfigured","extendedHelp":"https://console.developers.google.com"}],"status":"PERMISSION_DENIED","details":[{"@type":"type.googleapis.com/google.rpc.ErrorInfo","reason":"SERVICE_DISABLED","domain":"googleapis.com","metadata":{"serviceTitle":"Compute Engine API","containerInfo":"1043439367326","consumer":"projects/1043439367326","service":"compute.googleapis.com","activationUrl":"https://console.developers.google.com/apis/api/compute.googleapis.com/overview?project=1043439367326"}},{"@type":"type.googleapis.com/google.rpc.LocalizedMessage","locale":"en-US","message":"Compute Engine API has not been used in project 1043439367326 before or it is disabled. Enable it by visiting https://console.developers.google.com/apis/api/compute.googleapis.com/overview?project=1043439367326 then retry. If you enabled this API recently, wait a few minutes for the action to propagate to our systems and retry."},{"@type":"type.googleapis.com/google.rpc.Help","links":[{"description":"Google developers console API activation","url":"https://console.developers.google.com/apis/api/compute.googleapis.com/overview?project=1043439367326"}]}]}}
[debug] [2026-05-14T16:11:41.089Z] unable to look up default compute service account. Falling back to 1043439367326-compute@developer.gserviceaccount.com. Error: {"name":"FirebaseError","children":[],"context":{"body":{"error":{"code":403,"message":"Compute Engine API has not been used in project 1043439367326 before or it is disabled. Enable it by visiting https://console.developers.google.com/apis/api/compute.googleapis.com/overview?project=1043439367326 then retry. If you enabled this API recently, wait a few minutes for the action to propagate to our systems and retry.","errors":[{"message":"Compute Engine API has not been used in project 1043439367326 before or it is disabled. Enable it by visiting https://console.developers.google.com/apis/api/compute.googleapis.com/overview?project=1043439367326 then retry. If you enabled this API recently, wait a few minutes for the action to propagate to our systems and retry.","domain":"usageLimits","reason":"accessNotConfigured","extendedHelp":"https://console.developers.google.com"}],"status":"PERMISSION_DENIED","details":[{"@type":"type.googleapis.com/google.rpc.ErrorInfo","reason":"SERVICE_DISABLED","domain":"googleapis.com","metadata":{"serviceTitle":"Compute Engine API","containerInfo":"1043439367326","consumer":"projects/1043439367326","service":"compute.googleapis.com","activationUrl":"https://console.developers.google.com/apis/api/compute.googleapis.com/overview?project=1043439367326"}},{"@type":"type.googleapis.com/google.rpc.LocalizedMessage","locale":"en-US","message":"Compute Engine API has not been used in project 1043439367326 before or it is disabled. Enable it by visiting https://console.developers.google.com/apis/api/compute.googleapis.com/overview?project=1043439367326 then retry. If you enabled this API recently, wait a few minutes for the action to propagate to our systems and retry."},{"@type":"type.googleapis.com/google.rpc.Help","links":[{"description":"Google developers console API activation","url":"https://console.developers.google.com/apis/api/compute.googleapis.com/overview?project=1043439367326"}]}]}},"response":{"statusCode":403}},"exit":1,"message":"Request to https://compute.googleapis.com/compute/v1/projects/1043439367326 had HTTP Error: 403, Compute Engine API has not been used in project 1043439367326 before or it is disabled. Enable it by visiting https://console.developers.google.com/apis/api/compute.googleapis.com/overview?project=1043439367326 then retry. If you enabled this API recently, wait a few minutes for the action to propagate to our systems and retry.","status":403}
[debug] [2026-05-14T16:11:41.089Z] Checked if tokens are valid: true, expires at: 1778778323079
[debug] [2026-05-14T16:11:41.089Z] Checked if tokens are valid: true, expires at: 1778778323079
[debug] [2026-05-14T16:11:41.089Z] >>> [apiv2][query] GET https://compute.googleapis.com/compute/v1/projects/1043439367326 [none]
